<?xml version="1.0"?>
<doc>
    <assembly>
        <name>EGIS.Projections</name>
    </assembly>
    <members>
        <member name="T:EGIS.Projections.CoordinateReferenceSystemFactory">
            <summary>
            Factory class with members to assist in creating and transforming between Coordinate Reference Systems (CRS) 
            </summary>
            <remarks>
            <para>
            To access the factory class use the EGIS.Projections.CoordinateReferenceSystemFactory.Default member
            </para>
            <para>
            To create a CRS from Well Known Text (as stored in a shapefile .prj file) use: <br/>
            EGIS.Projections.CoordinateReferenceSystemFactory.Default.CreateCRSFromWKT(wktString);
            <br/>
            To create a CRS from a EPGS code use: <br/>
            EGIS.Projections.CoordinateReferenceSystemFactory.Default.GetCRSById(code);
                
            </para>
            <para>
            To transform coordinates from one CRS to another CRS create a ITransformation object:
            EGIS.Projections.CoordinateReferenceSystemFactory.Default.CreateCoordinateTrasformation(sourceCRS, targetCRS);
            <br/> or 
            <br/>
            EGIS.Projections.CoordinateReferenceSystemFactory.Default.CreateCoordinateTrasformation(sourceWKT, targetWKT);
            </para>
            
            <para>
            Internally EGIS uses Proj6 to support CRS operations.<br/>
            To use EGIS.Projections in your own projects make sure that the "Proj6" directory and all of its contents is 
            copied to the output directory of your project.
            </para>
            </remarks>
        </member>
        <member name="F:EGIS.Projections.CoordinateReferenceSystemFactory.coordinateSystems">
            <summary>
            key = srid, value = wkt
            </summary>
        </member>
        <member name="P:EGIS.Projections.CoordinateReferenceSystemFactory.Default">
            <summary>
            The default ICRSFactory instance.
            </summary>
        </member>
        <member name="F:EGIS.Projections.CoordinateReferenceSystemFactory.Wgs84EpsgCode">
            <summary>
            EPSG code for WGS84 (World Geodetic System) Ellipsoid
            </summary>
        </member>
        <member name="F:EGIS.Projections.CoordinateReferenceSystemFactory.Wgs84PseudoMercatorEpsgCode">
            <summary>
            EPSG code for popular Web Mercator projection used for GoogleMaps, MapBox, OSM 
            </summary>
        </member>
        <member name="P:EGIS.Projections.CoordinateReferenceSystemFactory.GeographicCoordinateSystems">
            <summary>
            return list of geographic CRS
            </summary>
        </member>
        <member name="P:EGIS.Projections.CoordinateReferenceSystemFactory.ProjectedCoordinateSystems">
            <summary>
            return list of projected CRS
            </summary>
        </member>
        <member name="M:EGIS.Projections.CoordinateReferenceSystemFactory.GetCRSById(System.Int32)">
            <summary>
            Get a CRS by (EPSG) code
            </summary>
            <param name="id"></param>
            <returns></returns>
        </member>
        <member name="M:EGIS.Projections.CoordinateReferenceSystemFactory.CreateCRSFromWKT(System.String)">
            <summary>
            Creates a ICRS CoordinateReferenceSystem from a well known text string
            </summary>
            <param name="wkt"></param>
            <returns></returns>
        </member>
        <member name="M:EGIS.Projections.CoordinateReferenceSystemFactory.CreateCRSFromPrjFile(System.String)">
            <summary>
            Creates a ICRS CoordinateReferenceSystem from an ESRI prj file
            </summary>
            <param name="prjFile">path to shapefile .prj file</param>
            <returns></returns>
        </member>
        <member name="M:EGIS.Projections.CoordinateReferenceSystemFactory.CreateCoordinateTrasformation(EGIS.Projections.ICRS,EGIS.Projections.ICRS)">
            <summary>
            creates a ICoordinateTransformation object used to transform coordinates
            from source CRS to target CRS
            </summary>
            <param name="source"></param>
            <param name="target"></param>
            <returns></returns>
        </member>
        <member name="M:EGIS.Projections.CoordinateReferenceSystemFactory.CreateCoordinateTrasformation(System.String,System.String)">
            <summary>
            creates a ICoordinateTransformation object used to transform coordinates
            from source CRS to target CRS        
            </summary>
            <param name="sourceWKT"></param>
            <param name="targetWKT"></param>
            <returns></returns>
        </member>
        <member name="F:EGIS.Projections.CoordinateReferenceSystemFactory.WKTString.WKID">
            <summary>Well-known ID</summary>
        </member>
        <member name="F:EGIS.Projections.CoordinateReferenceSystemFactory.WKTString.WKT">
            <summary>Well-known Text</summary>
        </member>
        <member name="T:EGIS.Projections.ICRS">
            <summary>
            interface defining a Coordinate Reference System
            </summary>
            <remarks>
            A Coordinate Reference System (CRS) is also known as a Spatial Reference System.
            </remarks>
        </member>
        <member name="T:EGIS.Projections.IGeographicCRS">
            <summary>
            interface defining a Geographic Coordinate Reference System
            </summary>
        </member>
        <member name="T:EGIS.Projections.IProjectedCRS">
            <summary>
            interface defining a Projected Coordinate Reference System
            </summary>
        </member>
        <member name="T:EGIS.Projections.ICoordinateTransformation">
            <summary>
            interface defining a Coordinate Transformation used to transform a coordinate from a source CRS
            to a target CRS.
            </summary>
        </member>
        <member name="M:EGIS.Projections.ICoordinateTransformation.Transform(System.Double[],System.Int32,EGIS.Projections.TransformDirection)">
            <summary>
            transforms coordinates in place. The values of the points array will be replaced
            with transformed coordinates
            </summary>
            <param name="points"></param>
            <param name="pointCount"></param>
            <returns>number of points transformed</returns>
        </member>
        <member name="M:EGIS.Projections.Proj6Native.proj_normalize_for_visualization(System.IntPtr,System.IntPtr)">
            *
        </member>
        <member name="F:EGIS.Projections.Proj6Native.PJ_TYPE.PJ_TYPE_CRS">
            Abstract type, not returned by proj_get_type() 
        </member>
        <member name="F:EGIS.Projections.Proj6Native.PJ_TYPE.PJ_TYPE_GEOGRAPHIC_CRS">
            proj_get_type() will never return that type, but
            PJ_TYPE_GEOGRAPHIC_2D_CRS or PJ_TYPE_GEOGRAPHIC_3D_CRS. 
        </member>
        <member name="F:EGIS.Projections.Proj6Native.PJ_COMPARISON_CRITERION.PJ_COMP_STRICT">
            All properties are identical. 
        </member>
        <member name="F:EGIS.Projections.Proj6Native.PJ_COMPARISON_CRITERION.PJ_COMP_EQUIVALENT">
            The objects are equivalent for the purpose of coordinate
            operations. They can differ by the name of their objects,
            identifiers, other metadata.
            Parameters may be expressed in different units, provided that the
            value is (with some tolerance) the same once expressed in a
            common unit.
        </member>
        <member name="F:EGIS.Projections.Proj6Native.PJ_COMPARISON_CRITERION.PJ_COMP_EQUIVALENT_EXCEPT_AXIS_ORDER_GEOGCRS">
            Same as EQUIVALENT, relaxed with an exception that the axis order
            of the base CRS of a DerivedCRS/ProjectedCRS or the axis order of
            a GeographicCRS is ignored. Only to be used
            with DerivedCRS/ProjectedCRS/GeographicCRS 
        </member>
        <member name="F:EGIS.Projections.Proj6Native.PJ_WKT_TYPE.PJ_WKT2_2015">
            cf osgeo::proj::io::WKTFormatter::Convention::WKT2 
        </member>
        <member name="F:EGIS.Projections.Proj6Native.PJ_WKT_TYPE.PJ_WKT2_2015_SIMPLIFIED">
            cf osgeo::proj::io::WKTFormatter::Convention::WKT2_SIMPLIFIED 
        </member>
        <member name="F:EGIS.Projections.Proj6Native.PJ_WKT_TYPE.PJ_WKT2_2018">
            cf osgeo::proj::io::WKTFormatter::Convention::WKT2_2018 
        </member>
        <member name="F:EGIS.Projections.Proj6Native.PJ_WKT_TYPE.PJ_WKT2_2018_SIMPLIFIED">
            cf osgeo::proj::io::WKTFormatter::Convention::WKT2_2018_SIMPLIFIED 
        </member>
        <member name="F:EGIS.Projections.Proj6Native.PJ_WKT_TYPE.PJ_WKT1_GDAL">
            cf osgeo::proj::io::WKTFormatter::Convention::WKT1_GDAL 
        </member>
        <member name="F:EGIS.Projections.Proj6Native.PJ_WKT_TYPE.PJ_WKT1_ESRI">
            cf osgeo::proj::io::WKTFormatter::Convention::WKT1_ESRI 
        </member>
    </members>
</doc>
