4.8,2.844,0
4.95,2.931,0.5
5.09,3.012,1
5.22,3.088,1.5
5.34,3.157,2
5.45,3.221,2.5
5.55,3.278,3
5.64,3.329,3.5
5.72,3.375,4
5.78,3.409,4.5
5.82,3.431,5
5.84,3.441,5.5
5.86,3.451,6
5.88,3.461,6.5
5.9,3.471,7
5.92,3.481,7.5
5.94,3.491,8
5.96,3.501,8.5
5.98,3.511,9
6,3.521,9.5
6.02,3.531,10
6.04,3.541,10.5
6.06,3.552,11
6.08,3.562,11.5
6.1,3.572,12
6.12,3.583,12.5
6.14,3.593,13
6.16,3.603,13.5
6.18,3.614,14
6.2,3.624,14.5
6.22,3.634,15
6.242,3.646,15.5
6.264,3.657,16
6.286,3.669,16.5
6.308,3.68,17
6.33,3.692,17.5
6.354,3.704,18
6.378,3.717,18.5
6.402,3.729,19
6.426,3.742,19.5
6.45,3.754,20
6.476,3.768,20.5
6.502,3.782,21
6.528,3.795,21.5
6.544,3.803,22
6.57,3.817,22.5
6.596,3.831,23
6.622,3.844,23.5
6.648,3.858,24
6.674,3.872,24.5
6.7,3.885,25
6.728,3.9,25.5
6.756,3.915,26
6.784,3.929,26.5
6.812,3.944,27
6.84,3.959,27.5
6.868,3.974,28
6.896,3.988,28.5
6.924,4.003,29
6.952,4.018,29.5
6.98,4.032,30
7.006,4.046,30.5
7.032,4.059,31
7.058,4.073,31.5
7.084,4.086,32
7.11,4.1,32.5
7.136,4.113,33
7.162,4.127,33.5
7.188,4.14,34
7.204,4.148,34.5
7.23,4.161,35
7.254,4.173,35.5
7.278,4.186,36
7.302,4.198,36.5
7.326,4.21,37
7.348,4.221,37.5
7.37,4.232,38
7.392,4.243,38.5
7.414,4.254,39
7.434,4.264,39.5
7.454,4.274,40
7.474,4.284,40.5
7.494,4.294,41
7.512,4.303,41.5
7.53,4.311,42
7.548,4.32,42.5
7.566,4.329,43
7.582,4.336,43.5
7.598,4.344,44
7.612,4.35,44.5
7.626,4.356,45
7.638,4.362,45.5
7.65,4.367,46
7.66,4.371,46.5
7.67,4.375,47
7.679,4.379,47.5
7.688,4.382,48
7.696,4.385,48.5
7.704,4.388,49
7.711,4.39,49.5
7.718,4.393,50
7.724,4.395,50.5
7.73,4.396,51
7.735,4.398,51.5
7.74,4.399,52
7.75,4.403,52.5
7.755,4.404,53
7.76,4.405,53.5
7.765,4.406,54
7.77,4.408,54.5
7.775,4.409,55
7.779,4.409,55.5
7.783,4.41,56
7.787,4.411,56.5
7.791,4.411,57
7.795,4.412,57.5
7.799,4.413,58
7.803,4.413,58.5
7.807,4.414,59
7.811,4.415,59.5
7.815,4.415,60
7.818,4.416,60.5
7.821,4.416,61
7.824,4.417,61.5
7.827,4.417,62
7.83,4.417,62.5
7.833,4.418,63
7.836,4.418,63.5
7.839,4.419,64
7.842,4.419,64.5
7.845,4.419,65
7.847,4.419,65.5
7.849,4.419,66
7.851,4.419,66.5
7.853,4.419,67
7.855,4.419,67.5
7.857,4.419,68
7.859,4.419,68.5
7.861,4.419,69
7.863,4.419,69.5
7.865,4.419,70
7.866,4.419,70.5
7.867,4.419,71
7.868,4.419,71.5
7.869,4.419,72
7.87,4.42,72.5
7.871,4.42,73
7.872,4.42,73.5
7.873,4.42,74
7.874,4.42,74.5
7.875,4.42,75
7.876,4.42,75.5
7.877,4.42,76
7.878,4.42,76.5
7.879,4.42,77
7.88,4.42,77.5
7.881,4.42,78
7.883,4.42,78.5
7.885,4.42,79
7.887,4.42,79.5
7.889,4.42,80
7.891,4.42,80.5
7.893,4.421,81
7.895,4.422,81.5
7.896,4.423,82
7.898,4.423,82.5
7.9,4.424,83
7.901,4.425,83.5
7.903,4.425,84
7.905,4.426,84.5
7.906,4.427,85
7.908,4.428,85.5
7.909,4.428,86
7.911,4.429,86.5
7.912,4.429,87
7.914,4.43,87.5
7.915,4.43,88
7.917,4.431,88.5
7.918,4.431,89
7.92,4.432,89.5
7.921,4.433,90
7.923,4.434,90.5
7.924,4.434,91
7.926,4.435,91.5
7.927,4.435,92
7.928,4.436,92.5
7.93,4.437,93
7.931,4.437,93.5
7.933,4.438,94
7.934,4.439,94.5
7.936,4.44,95
7.937,4.44,95.5
7.938,4.441,96
7.94,4.442,96.5
7.941,4.442,97
7.943,4.443,97.5
7.944,4.443,98
7.945,4.444,98.5
7.947,4.445,99
7.948,4.445,99.5
7.949,4.446,100
7.951,4.447,100.5
7.952,4.447,101
7.953,4.448,101.5
7.954,4.448,102
7.955,4.448,102.5
7.956,4.449,103
7.957,4.449,103.5
7.959,4.45,104
7.96,4.451,104.5
7.961,4.451,105
7.963,4.452,105.5
7.964,4.453,106
7.965,4.453,106.5
7.967,4.454,107
7.968,4.455,107.5
7.97,4.456,108
7.971,4.456,108.5
7.973,4.457,109
7.974,4.457,109.5
7.976,4.458,110
7.977,4.459,110.5
7.979,4.46,111
7.981,4.461,111.5
7.982,4.461,112
7.984,4.462,112.5
7.985,4.463,113
7.987,4.464,113.5
7.989,4.465,114
7.99,4.465,114.5
7.992,4.466,115
7.994,4.467,115.5
7.996,4.468,116
7.997,4.468,116.5
7.999,4.469,117
8.001,4.47,117.5
8.002,4.471,118
8.004,4.472,118.5
8.006,4.473,119
8.008,4.474,119.5
8.009,4.474,120
8.011,4.475,120.5
8.013,4.476,121
8.015,4.477,121.5
8.017,4.478,122
8.019,4.479,122.5
8.021,4.48,123
8.023,4.481,123.5
8.025,4.482,124
8.027,4.483,124.5
8.028,4.484,125
8.03,4.485,125.5
8.032,4.486,126
8.034,4.487,126.5
8.036,4.488,127
8.038,4.489,127.5
8.039,4.489,128
8.041,4.49,128.5
8.043,4.491,129
8.045,4.492,129.5
8.046,4.492,130
8.048,4.493,130.5
8.05,4.494,131
8.052,4.495,131.5
8.053,4.496,132
8.055,4.497,132.5
8.057,4.498,133
8.058,4.498,133.5
8.06,4.499,134
8.062,4.5,134.5
8.063,4.501,135
8.065,4.502,135.5
8.067,4.503,136
8.068,4.503,136.5
8.07,4.504,137
8.072,4.505,137.5
8.073,4.506,138
8.075,4.507,138.5
8.076,4.507,139
8.078,4.508,139.5
8.079,4.508,140
8.081,4.509,140.5
8.083,4.51,141
8.085,4.511,141.5
8.086,4.512,142
8.088,4.513,142.5
8.09,4.514,143
8.091,4.514,143.5
8.093,4.515,144
8.095,4.516,144.5
8.096,4.517,145
8.098,4.518,145.5
8.099,4.518,146
8.101,4.519,146.5
8.102,4.519,147
8.104,4.52,147.5
8.105,4.521,148
8.107,4.522,148.5
8.108,4.522,149
8.11,4.523,149.5
8.111,4.524,150
8.113,4.525,150.5
8.114,4.525,151
8.116,4.526,151.5
8.117,4.527,152
8.118,4.527,152.5
8.12,4.528,153
8.121,4.528,153.5
8.123,4.529,154
8.124,4.53,154.5
8.126,4.531,155
8.127,4.531,155.5
8.128,4.532,156
8.13,4.533,156.5
8.131,4.533,157
8.133,4.534,157.5
8.134,4.535,158
8.135,4.535,158.5
8.137,4.536,159
8.138,4.536,159.5
8.139,4.537,160
8.141,4.538,160.5
8.142,4.538,161
8.143,4.539,161.5
8.144,4.539,162
8.145,4.54,162.5
8.146,4.54,163
8.147,4.54,163.5
8.149,4.541,164
8.15,4.542,164.5
8.151,4.542,165
8.153,4.543,165.5
8.154,4.544,166
8.155,4.544,166.5
8.157,4.545,167
8.158,4.545,167.5
8.16,4.546,168
8.161,4.547,168.5
8.163,4.548,169
8.164,4.548,169.5
8.166,4.549,170
8.167,4.55,170.5
8.169,4.551,171
8.171,4.552,171.5
8.172,4.552,172
8.174,4.553,172.5
8.175,4.554,173
8.177,4.555,173.5
8.179,4.556,174
8.18,4.556,174.5
8.182,4.557,175
8.184,4.558,175.5
8.186,4.559,176
8.187,4.559,176.5
8.189,4.56,177
8.191,4.561,177.5
8.192,4.562,178
8.194,4.563,178.5
8.196,4.564,179
8.198,4.565,179.5
8.199,4.565,180
8.202,4.567,180.5
8.204,4.568,181
8.205,4.568,181.5
8.207,4.569,182
8.209,4.57,182.5
8.211,4.571,183
8.213,4.572,183.5
8.215,4.573,184
8.217,4.574,184.5
8.219,4.575,185
8.221,4.576,185.5
8.223,4.577,186
8.224,4.577,186.5
8.226,4.578,187
8.228,4.579,187.5
8.23,4.58,188
8.232,4.581,188.5
8.233,4.582,189
8.235,4.583,189.5
8.237,4.584,190
8.238,4.584,190.5
8.24,4.585,191
8.242,4.587,191.5
8.244,4.588,192
8.245,4.588,192.5
8.247,4.589,193
8.249,4.59,193.5
8.25,4.591,194
8.252,4.592,194.5
8.254,4.593,195
8.255,4.594,195.5
8.257,4.595,196
8.258,4.595,196.5
8.26,4.597,197
8.262,4.598,197.5
8.263,4.598,198
8.265,4.599,198.5
8.266,4.6,199
8.268,4.601,199.5
8.269,4.602,200
8.271,4.603,200.5
8.272,4.603,201
8.274,4.604,201.5
8.275,4.604,202
8.277,4.605,202.5
8.278,4.606,203
8.28,4.607,203.5
8.281,4.607,204
8.283,4.608,204.5
8.284,4.609,205
8.286,4.61,205.5
8.287,4.61,206
8.289,4.611,206.5
8.29,4.611,207
8.292,4.612,207.5
8.293,4.613,208
8.295,4.614,208.5
8.296,4.614,209
8.298,4.615,209.5
8.299,4.616,210
8.301,4.617,210.5
8.302,4.617,211
8.304,4.618,211.5
8.305,4.619,212
8.307,4.62,212.5
8.308,4.621,213
8.31,4.622,213.5
8.311,4.622,214
8.313,4.623,214.5
8.314,4.624,215
8.316,4.625,215.5
8.317,4.626,216
8.319,4.627,216.5
8.32,4.627,217
8.322,4.628,217.5
8.323,4.629,218
8.325,4.63,218.5
8.326,4.631,219
8.328,4.632,219.5
8.329,4.632,220
8.331,4.633,220.5
8.333,4.634,221
8.335,4.635,221.5
8.336,4.636,222
8.338,4.637,222.5
8.34,4.638,223
8.341,4.638,223.5
8.343,4.639,224
8.345,4.64,224.5
8.346,4.641,225
8.348,4.642,225.5
8.349,4.642,226
8.351,4.643,226.5
8.352,4.643,227
8.354,4.644,227.5
8.355,4.645,228
8.357,4.646,228.5
8.358,4.646,229
8.36,4.647,229.5
8.361,4.648,230
8.363,4.649,230.5
8.364,4.649,231
8.366,4.65,231.5
8.367,4.651,232
8.368,4.651,232.5
8.37,4.653,233
8.371,4.653,233.5
8.373,4.654,234
8.374,4.655,234.5
8.376,4.656,235
8.377,4.656,235.5
8.378,4.657,236
8.38,4.658,236.5
8.381,4.659,237
8.383,4.66,237.5
8.384,4.66,238
8.385,4.661,238.5
8.387,4.662,239
8.388,4.663,239.5
8.389,4.663,240
8.39,4.664,240.5
8.391,4.664,241
8.393,4.665,241.5
8.394,4.665,242
8.395,4.666,242.5
8.396,4.666,243
8.397,4.667,243.5
8.398,4.667,244
8.4,4.668,244.5
8.401,4.669,245
8.402,4.669,245.5
8.404,4.67,246
8.405,4.67,246.5
8.406,4.671,247
8.408,4.672,247.5
8.409,4.672,248
8.411,4.673,248.5
8.412,4.674,249
8.414,4.675,249.5
8.415,4.675,250
8.417,4.676,250.5
8.419,4.677,251
8.42,4.678,251.5
8.422,4.679,252
8.423,4.679,252.5
8.425,4.681,253
8.427,4.682,253.5
8.428,4.682,254
8.43,4.683,254.5
8.432,4.684,255
8.434,4.686,255.5
8.435,4.686,256
8.437,4.687,256.5
8.439,4.688,257
8.441,4.689,257.5
8.442,4.69,258
8.444,4.691,258.5
8.446,4.692,259
8.448,4.693,259.5
8.449,4.694,260
8.452,4.695,260.5
8.454,4.696,261
8.456,4.697,261.5
8.458,4.698,262
8.46,4.699,262.5
8.462,4.7,263
8.464,4.701,263.5
8.466,4.702,264
8.468,4.703,264.5
8.47,4.704,265
8.472,4.705,265.5
8.474,4.706,266
8.476,4.707,266.5
8.478,4.708,267
8.479,4.709,267.5
8.481,4.71,268
8.483,4.711,268.5
8.485,4.712,269
8.486,4.712,269.5
8.488,4.713,270
8.49,4.714,270.5
8.492,4.715,271
8.493,4.716,271.5
8.495,4.717,272
8.496,4.717,272.5
8.498,4.718,273
8.5,4.72,273.5
8.501,4.72,274
8.503,4.721,274.5
8.504,4.722,275
8.506,4.723,275.5
8.507,4.723,276
8.509,4.725,276.5
8.511,4.726,277
8.512,4.726,277.5
8.514,4.727,278
8.515,4.728,278.5
8.517,4.729,279
8.518,4.73,279.5
8.519,4.73,280
8.521,4.731,280.5
8.522,4.732,281
8.523,4.732,281.5
8.525,4.733,282
8.526,4.733,282.5
8.527,4.734,283
8.529,4.735,283.5
8.53,4.735,284
8.531,4.736,284.5
8.533,4.737,285
8.534,4.737,285.5
8.535,4.737,286
8.537,4.738,286.5
8.538,4.739,287
8.54,4.74,287.5
8.541,4.74,288
8.543,4.741,288.5
8.544,4.742,289
8.546,4.743,289.5
8.547,4.743,290
8.549,4.744,290.5
8.55,4.745,291
8.552,4.746,291.5
8.553,4.746,292
8.555,4.748,292.5
8.557,4.749,293
8.558,4.749,293.5
8.56,4.75,294
8.561,4.751,294.5
8.563,4.752,295
8.565,4.753,295.5
8.566,4.754,296
8.568,4.755,296.5
8.569,4.755,297
8.571,4.756,297.5
8.573,4.757,298
8.574,4.758,298.5
8.576,4.759,299
8.578,4.76,299.5
8.579,4.761,300
8.581,4.762,300.5
8.583,4.763,301
8.585,4.764,301.5
8.586,4.764,302
8.588,4.765,302.5
8.59,4.766,303
8.592,4.767,303.5
8.593,4.768,304
8.595,4.769,304.5
8.597,4.769,305
8.599,4.77,305.5
8.6,4.771,306
8.602,4.772,306.5
8.604,4.773,307
8.606,4.774,307.5
8.607,4.774,308
8.609,4.775,308.5
8.611,4.776,309
8.613,4.777,309.5
8.614,4.778,310
8.616,4.779,310.5
8.618,4.78,311
8.62,4.781,311.5
8.621,4.781,312
8.623,4.783,312.5
8.625,4.784,313
8.627,4.785,313.5
8.628,4.785,314
8.63,4.786,314.5
8.632,4.788,315
8.634,4.789,315.5
8.635,4.789,316
8.637,4.79,316.5
8.639,4.791,317
8.641,4.793,317.5
8.642,4.793,318
8.644,4.794,318.5
8.646,4.795,319
8.648,4.796,319.5
8.649,4.797,320
8.651,4.798,320.5
8.653,4.799,321
8.655,4.8,321.5
8.657,4.801,322
8.658,4.801,322.5
8.66,4.802,323
8.662,4.803,323.5
8.664,4.804,324
8.666,4.805,324.5
8.667,4.806,325
8.669,4.807,325.5
8.671,4.808,326
8.673,4.809,326.5
8.674,4.809,327
8.676,4.81,327.5
8.678,4.811,328
8.68,4.812,328.5
8.681,4.812,329
8.683,4.813,329.5
8.685,4.814,330
8.687,4.815,330.5
8.688,4.816,331
8.69,4.817,331.5
8.692,4.818,332
8.694,4.819,332.5
8.695,4.82,333
8.697,4.821,333.5
8.699,4.822,334
8.7,4.823,334.5
8.702,4.824,335
8.704,4.825,335.5
8.706,4.826,336
8.707,4.826,336.5
8.709,4.828,337
8.711,4.829,337.5
8.713,4.83,338
8.714,4.83,338.5
8.716,4.831,339
8.718,4.833,339.5
8.719,4.833,340
8.721,4.834,340.5
8.722,4.835,341
8.723,4.835,341.5
8.725,4.836,342
8.726,4.836,342.5
8.728,4.837,343
8.729,4.838,343.5
8.731,4.839,344
8.732,4.839,344.5
8.734,4.84,345
8.735,4.841,345.5
8.737,4.842,346
8.739,4.842,346.5
8.74,4.843,347
8.742,4.844,347.5
8.744,4.845,348
8.746,4.846,348.5
8.748,4.847,349
8.749,4.847,349.5
8.751,4.848,350
8.753,4.849,350.5
8.755,4.85,351
8.757,4.852,351.5
8.759,4.853,352
8.76,4.853,352.5
8.762,4.854,353
8.764,4.855,353.5
8.766,4.857,354
8.768,4.858,354.5
8.77,4.859,355
8.772,4.86,355.5
8.774,4.861,356
8.776,4.862,356.5
8.778,4.863,357
8.78,4.864,357.5
8.782,4.865,358
8.784,4.866,358.5
8.786,4.868,359
8.788,4.869,359.5
8.789,4.869,360
8.792,4.871,360.5
8.795,4.873,361
8.798,4.874,361.5
8.801,4.876,362
8.803,4.877,362.5
8.806,4.879,363
8.808,4.88,363.5
8.81,4.881,364
8.812,4.882,364.5
8.815,4.884,365
8.817,4.885,365.5
8.819,4.886,366
8.821,4.887,366.5
8.823,4.888,367
8.824,4.889,367.5
8.826,4.89,368
8.828,4.891,368.5
8.83,4.892,369
8.831,4.893,369.5
8.833,4.894,370
8.835,4.895,370.5
8.836,4.895,371
8.838,4.896,371.5
8.839,4.897,372
8.841,4.898,372.5
8.842,4.899,373
8.843,4.899,373.5
8.845,4.9,374
8.846,4.901,374.5
8.847,4.901,375
8.849,4.902,375.5
8.85,4.903,376
8.851,4.904,376.5
8.852,4.904,377
8.854,4.905,377.5
8.855,4.906,378
8.856,4.906,378.5
8.857,4.907,379
8.858,4.907,379.5
8.859,4.908,380
8.86,4.909,380.5
8.861,4.909,381
8.861,4.909,381.5
8.862,4.91,382
8.863,4.91,382.5
8.864,4.911,383
8.864,4.911,383.5
8.865,4.911,384
8.866,4.912,384.5
8.867,4.912,385
8.869,4.914,385.5
8.87,4.914,386
8.871,4.915,386.5
8.872,4.915,387
8.873,4.916,387.5
8.875,4.917,388
8.876,4.917,388.5
8.878,4.919,389
8.879,4.919,389.5
8.881,4.92,390
8.882,4.921,390.5
8.884,4.922,391
8.885,4.922,391.5
8.887,4.924,392
8.889,4.925,392.5
8.891,4.926,393
8.892,4.926,393.5
8.894,4.927,394
8.896,4.929,394.5
8.898,4.93,395
8.9,4.931,395.5
8.902,4.932,396
8.904,4.933,396.5
8.906,4.934,397
8.908,4.935,397.5
8.911,4.937,398
8.913,4.938,398.5
8.915,4.939,399
8.917,4.94,399.5
8.919,4.941,400
8.922,4.943,400.5
8.924,4.944,401
8.927,4.946,401.5
8.929,4.947,402
8.932,4.948,402.5
8.934,4.95,403
8.937,4.951,403.5
8.939,4.952,404
8.942,4.954,404.5
8.944,4.955,405
8.947,4.957,405.5
8.949,4.958,406
8.952,4.96,406.5
8.955,4.961,407
8.957,4.962,407.5
8.96,4.964,408
8.963,4.966,408.5
8.965,4.967,409
8.968,4.968,409.5
8.971,4.97,410
8.974,4.972,410.5
8.977,4.973,411
8.979,4.975,411.5
8.982,4.976,412
8.985,4.978,412.5
8.988,4.98,413
8.991,4.981,413.5
8.994,4.983,414
8.997,4.984,414.5
9,4.986,415
9.002,4.987,415.5
9.005,4.989,416
9.008,4.991,416.5
9.011,4.992,417
9.014,4.994,417.5
9.017,4.996,418
9.02,4.997,418.5
9.023,4.999,419
9.026,5.001,419.5
9.029,5.002,420
9.033,5.004,420.5
9.036,5.006,421
9.039,5.008,421.5
9.042,5.009,422
9.045,5.011,422.5
9.049,5.013,423
9.052,5.015,423.5
9.055,5.017,424
9.058,5.018,424.5
9.061,5.02,425
9.065,5.022,425.5
9.068,5.024,426
9.071,5.025,426.5
9.074,5.027,427
9.077,5.029,427.5
9.081,5.031,428
9.084,5.033,428.5
9.087,5.034,429
9.09,5.036,429.5
9.094,5.038,430
9.097,5.04,430.5
9.1,5.042,431
9.103,5.043,431.5
9.107,5.045,432
9.11,5.047,432.5
9.113,5.049,433
9.116,5.05,433.5
9.12,5.053,434
9.123,5.054,434.5
9.126,5.056,435
9.13,5.058,435.5
9.133,5.06,436
9.136,5.061,436.5
9.139,5.063,437
9.143,5.065,437.5
9.146,5.067,438
9.149,5.069,438.5
9.153,5.071,439
9.156,5.073,439.5
9.159,5.074,440
9.163,5.076,440.5
9.166,5.078,441
9.169,5.08,441.5
9.173,5.082,442
9.176,5.084,442.5
9.179,5.085,443
9.183,5.088,443.5
9.186,5.089,444
9.19,5.091,444.5
9.193,5.093,445
9.196,5.095,445.5
9.2,5.097,446
9.203,5.099,446.5
9.207,5.101,447
9.21,5.102,447.5
9.214,5.105,448
9.217,5.106,448.5
9.221,5.109,449
9.224,5.11,449.5
9.228,5.112,450
9.231,5.114,450.5
9.235,5.116,451
9.238,5.118,451.5
9.242,5.12,452
9.245,5.122,452.5
9.249,5.124,453
9.252,5.126,453.5
9.256,5.128,454
9.26,5.13,454.5
9.263,5.132,455
9.267,5.134,455.5
9.27,5.136,456
9.274,5.138,456.5
9.278,5.14,457
9.281,5.142,457.5
9.285,5.144,458
9.289,5.146,458.5
9.292,5.148,459
9.296,5.15,459.5
9.299,5.152,460
9.303,5.154,460.5
9.307,5.156,461
9.31,5.158,461.5
9.314,5.16,462
9.317,5.162,462.5
9.321,5.164,463
9.325,5.166,463.5
9.328,5.168,464
9.332,5.17,464.5
9.336,5.172,465
9.339,5.174,465.5
9.343,5.176,466
9.347,5.178,466.5
9.351,5.181,467
9.354,5.182,467.5
9.358,5.184,468
9.362,5.187,468.5
9.366,5.189,469
9.369,5.191,469.5
9.373,5.193,470
9.377,5.195,470.5
9.381,5.197,471
9.384,5.199,471.5
9.388,5.201,472
9.392,5.203,472.5
9.396,5.206,473
9.4,5.208,473.5
9.404,5.21,474
9.407,5.212,474.5
9.411,5.214,475
9.415,5.216,475.5
9.419,5.218,476
9.423,5.22,476.5
9.426,5.222,477
9.43,5.224,477.5
9.434,5.227,478
9.438,5.229,478.5
9.442,5.231,479
9.446,5.233,479.5
9.449,5.235,480
9.454,5.238,480.5
9.458,5.24,481
9.462,5.242,481.5
9.466,5.244,482
9.47,5.247,482.5
9.474,5.249,483
9.478,5.251,483.5
9.482,5.253,484
9.486,5.255,484.5
9.49,5.258,485
9.493,5.259,485.5
9.497,5.261,486
9.501,5.264,486.5
9.505,5.266,487
9.509,5.268,487.5
9.513,5.27,488
9.516,5.272,488.5
9.52,5.274,489
9.524,5.276,489.5
9.528,5.279,490
9.531,5.28,490.5
9.535,5.283,491
9.539,5.285,491.5
9.542,5.286,492
9.546,5.289,492.5
9.55,5.291,493
9.553,5.293,493.5
9.557,5.295,494
9.56,5.296,494.5
9.564,5.299,495
9.568,5.301,495.5
9.571,5.302,496
9.575,5.305,496.5
9.578,5.306,497
9.582,5.309,497.5
9.585,5.31,498
9.589,5.312,498.5
9.592,5.314,499
9.596,5.316,499.5
9.599,5.318,500
9.603,5.32,500.5
9.606,5.322,501
9.609,5.324,501.5
9.612,5.325,502
9.615,5.327,502.5
9.618,5.329,503
9.622,5.331,503.5
9.625,5.332,504
9.628,5.334,504.5
9.632,5.336,505
9.635,5.338,505.5
9.638,5.34,506
9.642,5.342,506.5
9.645,5.343,507
9.649,5.346,507.5
9.652,5.347,508
9.656,5.35,508.5
9.659,5.351,509
9.663,5.353,509.5
9.666,5.355,510
9.67,5.357,510.5
9.673,5.359,511
9.677,5.361,511.5
9.681,5.363,512
9.684,5.365,512.5
9.688,5.367,513
9.692,5.37,513.5
9.695,5.371,514
9.699,5.373,514.5
9.703,5.376,515
9.706,5.377,515.5
9.71,5.38,516
9.714,5.382,516.5
9.717,5.383,517
9.721,5.386,517.5
9.725,5.388,518
9.728,5.389,518.5
9.732,5.392,519
9.736,5.394,519.5
9.739,5.396,520
9.744,5.398,520.5
9.748,5.401,521
9.752,5.403,521.5
9.756,5.405,522
9.76,5.407,522.5
9.764,5.409,523
9.768,5.412,523.5
9.772,5.414,524
9.776,5.416,524.5
9.78,5.418,525
9.784,5.42,525.5
9.787,5.422,526
9.791,5.424,526.5
9.795,5.427,527
9.798,5.428,527.5
9.802,5.43,528
9.805,5.432,528.5
9.809,5.434,529
9.812,5.436,529.5
9.816,5.438,530
9.819,5.44,530.5
9.823,5.442,531
9.826,5.444,531.5
9.829,5.445,532
9.833,5.448,532.5
9.836,5.449,533
9.839,5.451,533.5
9.842,5.453,534
9.845,5.454,534.5
9.849,5.457,535
9.852,5.458,535.5
9.855,5.46,536
9.858,5.461,536.5
9.861,5.463,537
9.864,5.465,537.5
9.867,5.466,538
9.87,5.468,538.5
9.873,5.47,539
9.876,5.471,539.5
9.879,5.473,540
9.882,5.475,540.5
9.885,5.476,541
9.888,5.478,541.5
9.89,5.479,542
9.893,5.481,542.5
9.896,5.483,543
9.899,5.484,543.5
9.901,5.485,544
9.904,5.487,544.5
9.907,5.489,545
9.91,5.49,545.5
9.913,5.492,546
9.916,5.494,546.5
9.919,5.495,547
9.922,5.497,547.5
9.925,5.499,548
9.928,5.5,548.5
9.931,5.502,549
9.934,5.504,549.5
9.937,5.505,550
9.94,5.507,550.5
9.943,5.509,551
9.946,5.51,551.5
9.949,5.512,552
9.952,5.514,552.5
9.955,5.515,553
9.958,5.517,553.5
9.961,5.519,554
9.964,5.52,554.5
9.968,5.522,555
9.971,5.524,555.5
9.974,5.526,556
9.977,5.527,556.5
9.98,5.529,557
9.983,5.531,557.5
9.987,5.533,558
9.99,5.535,558.5
9.993,5.536,559
9.996,5.538,559.5
10,5.54,560
10.003,5.542,560.5
10.006,5.543,561
10.009,5.545,561.5
10.012,5.547,562
10.015,5.548,562.5
10.018,5.55,563
10.022,5.552,563.5
10.025,5.554,564
10.028,5.556,564.5
10.031,5.557,565
10.035,5.56,565.5
10.038,5.561,566
10.041,5.563,566.5
10.044,5.565,567
10.048,5.567,567.5
10.051,5.568,568
10.054,5.57,568.5
10.057,5.572,569
10.061,5.574,569.5
10.064,5.576,570
10.067,5.577,570.5
10.071,5.58,571
10.074,5.581,571.5
10.077,5.583,572
10.08,5.584,572.5
10.084,5.587,573
10.087,5.588,573.5
10.09,5.59,574
10.094,5.592,574.5
10.097,5.594,575
10.1,5.596,575.5
10.103,5.597,576
10.107,5.599,576.5
10.11,5.601,577
10.113,5.603,577.5
10.117,5.605,578
10.12,5.607,578.5
10.123,5.608,579
10.126,5.61,579.5
10.129,5.612,580
10.133,5.614,580.5
10.137,5.616,581
10.14,5.618,581.5
10.144,5.62,582
10.147,5.622,582.5
10.15,5.623,583
10.154,5.625,583.5
10.157,5.627,584
10.16,5.629,584.5
10.164,5.631,585
10.167,5.633,585.5
10.17,5.634,586
10.173,5.636,586.5
10.176,5.638,587
10.179,5.639,587.5
10.182,5.641,588
10.185,5.643,588.5
10.188,5.644,589
10.191,5.646,589.5
10.194,5.648,590
10.197,5.649,590.5
10.2,5.651,591
10.203,5.653,591.5
10.206,5.654,592
10.209,5.656,592.5
10.212,5.658,593
10.215,5.659,593.5
10.217,5.66,594
10.22,5.662,594.5
10.223,5.664,595
10.226,5.665,595.5
10.228,5.666,596
10.231,5.668,596.5
10.234,5.67,597
10.236,5.671,597.5
10.239,5.673,598
10.242,5.674,598.5
10.244,5.675,599
10.247,5.677,599.5
10.25,5.679,600
10.252,5.68,600.5
10.254,5.681,601
10.256,5.682,601.5
10.259,5.684,602
10.261,5.685,602.5
10.264,5.686,603
10.266,5.688,603.5
10.268,5.689,604
10.271,5.69,604.5
10.273,5.691,605
10.276,5.693,605.5
10.278,5.694,606
10.281,5.696,606.5
10.283,5.697,607
10.286,5.699,607.5
10.288,5.7,608
10.291,5.701,608.5
10.293,5.702,609
10.296,5.704,609.5
10.298,5.705,610
10.301,5.707,610.5
10.303,5.708,611
10.306,5.71,611.5
10.308,5.711,612
10.311,5.712,612.5
10.313,5.714,613
10.316,5.715,613.5
10.319,5.717,614
10.321,5.718,614.5
10.324,5.72,615
10.326,5.721,615.5
10.329,5.722,616
10.331,5.724,616.5
10.334,5.725,617
10.337,5.727,617.5
10.339,5.728,618
10.342,5.73,618.5
10.344,5.731,619
10.347,5.732,619.5
10.349,5.734,620
10.352,5.735,620.5
10.355,5.737,621
10.358,5.739,621.5
10.361,5.74,622
10.363,5.741,622.5
10.366,5.743,623
10.369,5.745,623.5
10.371,5.746,624
10.374,5.747,624.5
10.377,5.749,625
10.379,5.75,625.5
10.382,5.752,626
10.385,5.753,626.5
10.387,5.755,627
10.39,5.756,627.5
10.392,5.757,628
10.395,5.759,628.5
10.397,5.76,629
10.4,5.762,629.5
10.402,5.763,630
10.405,5.765,630.5
10.407,5.766,631
10.41,5.767,631.5
10.412,5.768,632
10.414,5.77,632.5
10.417,5.771,633
10.419,5.772,633.5
10.422,5.774,634
10.424,5.775,634.5
10.426,5.776,635
10.429,5.778,635.5
10.431,5.779,636
10.433,5.78,636.5
10.436,5.782,637
10.438,5.783,637.5
10.44,5.784,638
10.443,5.786,638.5
10.445,5.787,639
10.447,5.788,639.5
10.449,5.789,640
10.452,5.791,640.5
10.454,5.792,641
10.456,5.793,641.5
10.458,5.794,642
10.46,5.795,642.5
10.462,5.796,643
10.465,5.798,643.5
10.467,5.799,644
10.469,5.8,644.5
10.471,5.801,645
10.473,5.802,645.5
10.476,5.804,646
10.478,5.805,646.5
10.48,5.806,647
10.482,5.807,647.5
10.484,5.808,648
10.487,5.81,648.5
10.489,5.811,649
10.491,5.812,649.5
10.493,5.813,650
10.496,5.815,650.5
10.498,5.816,651
10.5,5.817,651.5
10.503,5.819,652
10.505,5.82,652.5
10.507,5.821,653
10.509,5.822,653.5
10.512,5.824,654
10.514,5.825,654.5
10.516,5.826,655
10.519,5.828,655.5
10.521,5.829,656
10.523,5.83,656.5
10.526,5.832,657
10.528,5.833,657.5
10.53,5.834,658
10.533,5.835,658.5
10.535,5.837,659
10.537,5.838,659.5
10.539,5.839,660
10.542,5.84,660.5
10.544,5.842,661
10.546,5.843,661.5
10.549,5.844,662
10.551,5.845,662.5
10.553,5.847,663
10.556,5.848,663.5
10.558,5.849,664
10.56,5.85,664.5
10.563,5.852,665
10.565,5.853,665.5
10.567,5.854,666
10.569,5.855,666.5
10.572,5.857,667
10.574,5.858,667.5
10.576,5.859,668
10.579,5.861,668.5
10.581,5.862,669
10.583,5.863,669.5
10.585,5.864,670
10.588,5.866,670.5
10.59,5.867,671
10.592,5.868,671.5
10.594,5.869,672
10.597,5.871,672.5
10.599,5.872,673
10.601,5.873,673.5
10.603,5.874,674
10.606,5.876,674.5
10.608,5.877,675
10.61,5.878,675.5
10.612,5.879,676
10.614,5.88,676.5
10.617,5.882,677
10.619,5.883,677.5
10.621,5.884,678
10.623,5.885,678.5
10.625,5.886,679
10.627,5.888,679.5
10.629,5.889,680
10.632,5.89,680.5
10.634,5.891,681
10.637,5.893,681.5
10.639,5.894,682
10.641,5.895,682.5
10.643,5.896,683
10.646,5.898,683.5
10.648,5.899,684
10.65,5.9,684.5
10.652,5.901,685
10.654,5.902,685.5
10.656,5.904,686
10.658,5.905,686.5
10.661,5.906,687
10.663,5.907,687.5
10.665,5.909,688
10.667,5.91,688.5
10.669,5.911,689
10.671,5.912,689.5
10.673,5.913,690
10.674,5.914,690.5
10.676,5.915,691
10.678,5.916,691.5
10.68,5.917,692
10.682,5.918,692.5
10.684,5.919,693
10.686,5.92,693.5
10.688,5.921,694
10.69,5.922,694.5
10.691,5.923,695
10.693,5.924,695.5
10.695,5.925,696
10.697,5.926,696.5
10.699,5.927,697
10.701,5.929,697.5
10.702,5.929,698
10.704,5.93,698.5
10.706,5.931,699
10.708,5.932,699.5
10.709,5.933,700
10.711,5.934,700.5
10.712,5.935,701
10.714,5.936,701.5
10.715,5.936,702
10.717,5.937,702.5
10.718,5.938,703
10.72,5.939,703.5
10.721,5.94,704
10.723,5.941,704.5
10.724,5.941,705
10.726,5.942,705.5
10.728,5.943,706
10.729,5.944,706.5
10.731,5.945,707
10.733,5.946,707.5
10.735,5.947,708
10.736,5.948,708.5
10.738,5.949,709
10.74,5.95,709.5
10.742,5.951,710
10.744,5.952,710.5
10.745,5.953,711
10.747,5.954,711.5
10.749,5.955,712
10.751,5.956,712.5
10.753,5.957,713
10.755,5.958,713.5
10.757,5.96,714
10.758,5.96,714.5
10.76,5.961,715
10.762,5.962,715.5
10.764,5.963,716
10.766,5.965,716.5
10.768,5.966,717
10.77,5.967,717.5
10.772,5.968,718
10.774,5.969,718.5
10.776,5.97,719
10.778,5.971,719.5
10.779,5.972,720
10.782,5.973,720.5
10.784,5.975,721
10.786,5.976,721.5
10.788,5.977,722
10.791,5.978,722.5
10.793,5.98,723
10.795,5.981,723.5
10.797,5.982,724
10.799,5.983,724.5
10.801,5.984,725
10.803,5.985,725.5
10.805,5.986,726
10.806,5.987,726.5
10.808,5.988,727
10.81,5.989,727.5
10.812,5.99,728
10.814,5.991,728.5
10.816,5.992,729
10.817,5.993,729.5
10.819,5.994,730
10.821,5.995,730.5
10.822,5.996,731
10.824,5.997,731.5
10.826,5.998,732
10.827,5.998,732.5
10.829,5.999,733
10.83,6,733.5
10.832,6.001,734
10.834,6.002,734.5
10.835,6.003,735
10.837,6.004,735.5
10.838,6.004,736
10.84,6.006,736.5
10.841,6.006,737
10.842,6.007,737.5
10.844,6.008,738
10.845,6.008,738.5
10.847,6.009,739
10.848,6.01,739.5
10.849,6.011,740
10.851,6.012,740.5
10.852,6.012,741
10.853,6.013,741.5
10.854,6.013,742
10.856,6.014,742.5
10.857,6.015,743
10.858,6.016,743.5
10.859,6.016,744
10.861,6.017,744.5
10.862,6.018,745
10.863,6.018,745.5
10.864,6.019,746
10.866,6.02,746.5
10.867,6.02,747
10.868,6.021,747.5
10.869,6.022,748
10.871,6.023,748.5
10.872,6.023,749
10.873,6.024,749.5
10.874,6.024,750
10.876,6.025,750.5
10.877,6.026,751
10.878,6.027,751.5
10.879,6.027,752
10.881,6.028,752.5
10.882,6.029,753
10.883,6.029,753.5
10.884,6.03,754
10.886,6.031,754.5
10.887,6.032,755
10.888,6.032,755.5
10.889,6.033,756
10.891,6.034,756.5
10.892,6.034,757
10.893,6.035,757.5
10.894,6.035,758
10.896,6.037,758.5
10.897,6.037,759
10.898,6.038,759.5
10.899,6.038,760
10.901,6.039,760.5
10.902,6.04,761
10.904,6.041,761.5
10.905,6.042,762
10.906,6.042,762.5
10.908,6.043,763
10.909,6.044,763.5
10.91,6.044,764
10.911,6.045,764.5
10.913,6.046,765
10.914,6.047,765.5
10.915,6.047,766
10.917,6.048,766.5
10.918,6.049,767
10.919,6.049,767.5
10.92,6.05,768
10.922,6.051,768.5
10.923,6.052,769
10.924,6.052,769.5
10.925,6.053,770
10.927,6.054,770.5
10.928,6.054,771
10.929,6.055,771.5
10.93,6.055,772
10.931,6.056,772.5
10.933,6.057,773
10.934,6.058,773.5
10.935,6.058,774
10.936,6.059,774.5
10.937,6.059,775
10.939,6.06,775.5
10.94,6.061,776
10.941,6.061,776.5
10.942,6.062,777
10.943,6.063,777.5
10.945,6.064,778
10.946,6.064,778.5
10.947,6.065,779
10.948,6.065,779.5
10.949,6.066,780
10.95,6.066,780.5
10.951,6.067,781
10.952,6.068,781.5
10.953,6.068,782
10.954,6.069,782.5
10.955,6.069,783
10.956,6.07,783.5
10.957,6.07,784
10.958,6.071,784.5
10.959,6.071,785
10.961,6.073,785.5
10.962,6.073,786
10.963,6.074,786.5
10.964,6.074,787
10.965,6.075,787.5
10.967,6.076,788
10.968,6.076,788.5
10.969,6.077,789
10.97,6.078,789.5
10.972,6.079,790
10.973,6.079,790.5
10.974,6.08,791
10.976,6.081,791.5
10.977,6.081,792
10.978,6.082,792.5
10.98,6.083,793
10.981,6.084,793.5
10.983,6.085,794
10.984,6.085,794.5
10.985,6.086,795
10.987,6.087,795.5
10.988,6.088,796
10.99,6.089,796.5
10.991,6.089,797
10.992,6.09,797.5
10.994,6.091,798
10.995,6.091,798.5
10.997,6.093,799
10.998,6.093,799.5
11,6.094,800
11.001,6.095,800.5
11.003,6.096,801
11.005,6.097,801.5
11.006,6.098,802
11.008,6.099,802.5
11.01,6.1,803
11.011,6.1,803.5
11.013,6.101,804
11.014,6.102,804.5
11.016,6.103,805
11.017,6.104,805.5
11.019,6.105,806
11.02,6.105,806.5
11.021,6.106,807
11.023,6.107,807.5
11.024,6.107,808
11.025,6.108,808.5
11.027,6.109,809
11.028,6.11,809.5
11.029,6.11,810
11.03,6.111,810.5
11.031,6.111,811
11.033,6.112,811.5
11.034,6.113,812
11.035,6.114,812.5
11.036,6.114,813
11.037,6.115,813.5
11.038,6.115,814
11.039,6.116,814.5
11.04,6.116,815
11.041,6.117,815.5
11.042,6.117,816
11.043,6.118,816.5
11.044,6.119,817
11.045,6.119,817.5
11.046,6.12,818
11.047,6.12,818.5
11.048,6.121,819
11.049,6.121,819.5
11.049,6.121,820
11.05,6.122,820.5
11.051,6.122,821
11.052,6.123,821.5
11.053,6.124,822
11.053,6.124,822.5
11.054,6.124,823
11.055,6.125,823.5
11.056,6.125,824
11.057,6.126,824.5
11.057,6.126,825
11.058,6.126,825.5
11.059,6.127,826
11.06,6.127,826.5
11.06,6.127,827
11.061,6.128,827.5
11.062,6.129,828
11.063,6.129,828.5
11.063,6.129,829
11.064,6.13,829.5
11.065,6.13,830
11.066,6.131,830.5
11.066,6.131,831
11.067,6.131,831.5
11.068,6.132,832
11.069,6.132,832.5
11.069,6.132,833
11.07,6.133,833.5
11.071,6.134,834
11.071,6.134,834.5
11.072,6.134,835
11.073,6.135,835.5
11.074,6.135,836
11.074,6.135,836.5
11.075,6.136,837
11.076,6.136,837.5
11.077,6.137,838
11.077,6.137,838.5
11.078,6.137,839
11.079,6.138,839.5
11.079,6.138,840
11.08,6.139,840.5
11.081,6.139,841
11.081,6.139,841.5
11.082,6.14,842
11.082,6.14,842.5
11.083,6.14,843
11.084,6.141,843.5
11.084,6.141,844
11.085,6.141,844.5
11.086,6.142,845
11.086,6.142,845.5
11.087,6.142,846
11.088,6.143,846.5
11.089,6.143,847
11.089,6.143,847.5
11.09,6.144,848
11.091,6.145,848.5
11.092,6.145,849
11.092,6.145,849.5
11.093,6.146,850
11.094,6.146,850.5
11.095,6.147,851
11.095,6.147,851.5
11.096,6.147,852
11.097,6.148,852.5
11.098,6.148,853
11.099,6.149,853.5
11.1,6.15,854
11.1,6.15,854.5
11.101,6.15,855
11.102,6.151,855.5
11.103,6.151,856
11.104,6.152,856.5
11.104,6.152,857
11.105,6.152,857.5
11.106,6.153,858
11.107,6.153,858.5
11.108,6.154,859
11.109,6.155,859.5
11.109,6.155,860
11.111,6.156,860.5
11.112,6.156,861
11.112,6.156,861.5
11.113,6.157,862
11.114,6.157,862.5
11.115,6.158,863
11.116,6.158,863.5
11.117,6.159,864
11.118,6.16,864.5
11.119,6.16,865
11.12,6.161,865.5
11.121,6.161,866
11.121,6.161,866.5
11.122,6.162,867
11.123,6.162,867.5
11.124,6.163,868
11.125,6.163,868.5
11.125,6.163,869
11.126,6.164,869.5
11.127,6.165,870
11.127,6.165,870.5
11.128,6.165,871
11.129,6.166,871.5
11.13,6.166,872
11.13,6.166,872.5
11.131,6.167,873
11.132,6.167,873.5
11.132,6.167,874
11.133,6.168,874.5
11.134,6.168,875
11.134,6.168,875.5
11.135,6.169,876
11.135,6.169,876.5
11.136,6.17,877
11.137,6.17,877.5
11.137,6.17,878
11.138,6.171,878.5
11.138,6.171,879
11.139,6.171,879.5
11.139,6.171,880
11.14,6.172,880.5
11.14,6.172,881
11.141,6.172,881.5
11.141,6.172,882
11.142,6.173,882.5
11.142,6.173,883
11.143,6.173,883.5
11.143,6.173,884
11.144,6.174,884.5
11.144,6.174,885
11.145,6.175,885.5
11.145,6.175,886
11.146,6.175,886.5
11.146,6.175,887
11.147,6.176,887.5
11.147,6.176,888
11.148,6.176,888.5
11.148,6.176,889
11.149,6.177,889.5
11.149,6.177,890
11.15,6.177,890.5
11.15,6.177,891
11.151,6.178,891.5
11.151,6.178,892
11.152,6.178,892.5
11.152,6.178,893
11.153,6.179,893.5
11.153,6.179,894
11.154,6.18,894.5
11.154,6.18,895
11.155,6.18,895.5
11.155,6.18,896
11.156,6.181,896.5
11.156,6.181,897
11.157,6.181,897.5
11.157,6.181,898
11.158,6.182,898.5
11.158,6.182,899
11.159,6.182,899.5
11.159,6.182,900
11.16,6.183,900.5
11.161,6.183,901
11.161,6.183,901.5
11.162,6.184,902
11.162,6.184,902.5
11.163,6.184,903
11.163,6.184,903.5
11.164,6.185,904
11.164,6.185,904.5
11.165,6.186,905
11.165,6.186,905.5
11.166,6.186,906
11.166,6.186,906.5
11.167,6.187,907
11.167,6.187,907.5
11.168,6.187,908
11.168,6.187,908.5
11.169,6.188,909
11.169,6.188,909.5
11.17,6.188,910
11.17,6.188,910.5
11.171,6.189,911
11.171,6.189,911.5
11.172,6.189,912
11.172,6.189,912.5
11.173,6.19,913
11.173,6.19,913.5
11.174,6.191,914
11.174,6.191,914.5
11.175,6.191,915
11.175,6.191,915.5
11.176,6.192,916
11.176,6.192,916.5
11.177,6.192,917
11.177,6.192,917.5
11.178,6.193,918
11.178,6.193,918.5
11.179,6.193,919
11.179,6.193,919.5
11.179,6.193,920
11.18,6.194,920.5
11.18,6.194,921
11.18,6.194,921.5
11.181,6.194,922
11.181,6.194,922.5
11.182,6.195,923
11.182,6.195,923.5
11.182,6.195,924
11.183,6.196,924.5
11.183,6.196,925
11.184,6.196,925.5
11.184,6.196,926
11.185,6.197,926.5
11.185,6.197,927
11.186,6.197,927.5
11.186,6.197,928
11.187,6.198,928.5
11.187,6.198,929
11.188,6.198,929.5
11.188,6.198,930
11.189,6.199,930.5
11.189,6.199,931
11.19,6.199,931.5
11.19,6.199,932
11.191,6.2,932.5
11.191,6.2,933
11.192,6.201,933.5
11.193,6.201,934
11.193,6.201,934.5
11.194,6.202,935
11.194,6.202,935.5
11.195,6.202,936
11.195,6.202,936.5
11.196,6.203,937
11.197,6.203,937.5
11.197,6.203,938
11.198,6.204,938.5
11.198,6.204,939
11.199,6.204,939.5
