上野,三重県,152,282,136.1151,34.7677
亀山,三重県,159,279,136.4493,34.8569
伊勢,三重県,165,288,136.7334,34.4908
南島,三重県,160,294,136.4996,34.2777
名張,三重県,152,285,136.1073,34.6285
四日市,三重県,159,276,136.4563,34.9849
四日市,三重県,163,277,136.6357,34.9704
大山田,三重県,156,282,136.2835,34.7662
嬉野,三重県,158,287,136.3692,34.547
宮川,三重県,157,292,136.3293,34.358
宮川,三重県,157,291,136.3348,34.3624
尾鷲,三重県,154,299,136.1689,34.0637
尾鷲,三重県,153,299,136.1687,34.0638
度会,三重県,162,292,136.5866,34.3532
志摩,三重県,167,294,136.8216,34.2544
志摩,三重県,167,294,136.8232,34.2544
松阪,三重県,160,287,136.5033,34.5424
松阪,三重県,161,286,136.5296,34.5752
椿世,三重県,159,279,136.4546,34.8702
津,三重県,160,283,136.5039,34.7178
熊野,三重県,152,303,136.0822,33.8783
白山,三重県,157,285,136.3365,34.6435
紀和,三重県,148,303,135.9188,33.8764
紀宝,三重県,150,306,135.9969,33.7644
芸濃,三重県,159,280,136.4245,34.8224
菰野,三重県,160,275,136.5073,35.0279
藤原,三重県,160,272,136.4943,35.1718
飯高,三重県,157,290,136.3329,34.4283
丹後,京都府,132,258,135.1022,35.7406
久御山,京都府,145,278,135.7461,34.8983
久美浜,京都府,128,261,134.8941,35.6037
亀岡,京都府,140,275,135.4846,35.0469
亀岡,京都府,141,275,135.5638,35.017
京都,京都府,145,276,135.7304,35.0094
京都,京都府,146,276,135.8188,34.9962
伊根,京都府,135,258,135.2496,35.7101
伊根,京都府,136,259,135.2919,35.6767
南山城,京都府,150,281,135.9921,34.7732
大布施,京都府,145,271,135.7738,35.2098
宇治,京都府,146,279,135.8047,34.8784
宮津,京都府,134,263,135.196,35.5354
広河原,京都府,145,270,135.7667,35.2497
日吉,京都府,140,272,135.5016,35.1637
本庄,京都府,138,269,135.3966,35.2612
福知山,京都府,132,268,135.1334,35.313
福知山,京都府,133,269,135.1827,35.2759
網野,京都府,130,259,135.0268,35.6814
美山,京都府,141,269,135.5508,35.2685
舞鶴,京都府,138,264,135.3891,35.4759
芦生,京都府,144,268,135.713,35.3057
野田川,京都府,132,263,135.1243,35.5243
伊万里,佐賀県,26,318,129.8798,33.2656
伊万里,佐賀県,26,318,129.8813,33.2646
佐賀,佐賀県,34,318,130.3004,33.2627
厳木,佐賀県,29,317,130.0643,33.3213
唐津,佐賀県,26,314,129.9195,33.4247
富士,佐賀県,33,315,130.2329,33.4098
富士,佐賀県,32,316,130.2074,33.373
東脊振,佐賀県,36,316,130.4046,33.3654
武雄,佐賀県,29,320,130.034,33.1916
白石,佐賀県,30,320,130.1046,33.1806
鎮西,佐賀県,26,312,129.8877,33.508
鎮西,佐賀県,25,312,129.8771,33.5274
鹿島,佐賀県,30,322,130.0996,33.1038
三原,兵庫県,126,293,134.7941,34.2937
三木,兵庫県,130,281,134.9899,34.7976
三田,兵庫県,135,277,135.2713,34.9515
上月,兵庫県,116,276,134.3228,34.9848
上郡,兵庫県,116,278,134.3284,34.8995
丹南,兵庫県,133,274,135.1777,35.0593
五色,兵庫県,125,290,134.7925,34.4149
出石,兵庫県,127,265,134.8621,35.4574
出石,兵庫県,127,264,134.8758,35.4615
加古川,兵庫県,126,280,134.8078,34.8164
加古川,兵庫県,126,280,134.8236,34.832
加美,兵庫県,128,273,134.9036,35.101
南光,兵庫県,118,274,134.4234,35.0671
南淡,兵庫県,124,294,134.7292,34.2499
和田山,兵庫県,127,267,134.8619,35.3407
夢前,兵庫県,123,275,134.6701,35.0322
大屋,兵庫県,123,268,134.6652,35.3326
姫路,兵庫県,123,280,134.687,34.8143
山崎,兵庫県,121,276,134.552,34.9959
山東,兵庫県,128,269,134.9071,35.2925
市川,兵庫県,125,276,134.7634,34.989
新宮,兵庫県,120,277,134.5423,34.9313
明石,兵庫県,130,285,134.9999,34.6444
村岡,兵庫県,121,264,134.5953,35.4697
村岡,兵庫県,121,265,134.5748,35.4582
東条,兵庫県,131,278,135.0844,34.9082
東浦,兵庫県,130,287,134.9904,34.533
波賀,兵庫県,120,270,134.5237,35.2193
波賀,兵庫県,120,272,134.5459,35.1637
洲本,兵庫県,128,292,134.9014,34.3405
浜坂,兵庫県,119,261,134.45,35.6194
生野,兵庫県,125,272,134.788,35.1482
相生,兵庫県,119,281,134.4792,34.7935
神戸,兵庫県,133,283,135.1583,34.6898
篠山,兵庫県,135,274,135.2811,35.0708
西宮,兵庫県,137,282,135.3499,34.7463
西脇,兵庫県,130,276,134.9999,35.0023
赤穂,兵庫県,117,282,134.39,34.7551
香住,兵庫県,123,261,134.6566,35.6208
香住,兵庫県,122,260,134.6284,35.6411
黒井,兵庫県,132,272,135.1041,35.169
龍野,兵庫県,120,279,134.5445,34.8593
えりも,北海道,296,104,143.1487,42.017
えりも岬,北海道,297,106,143.2403,41.937
ウトロ,北海道,333,53,144.9973,44.0699
トムラウシ,北海道,291,71,142.9473,43.3338
ニセコ,北海道,245,84,140.6877,42.8077
七飯,北海道,246,106,140.6958,41.8995
三石,北海道,284,98,142.5643,42.2528
三笠,北海道,270,74,141.8978,43.23
上の湯,北海道,239,101,140.3758,42.1244
上川,北海道,288,59,142.7656,43.8546
上川,北海道,288,59,142.7686,43.8543
上猿払,北海道,277,25,142.2255,45.2141
上磯,北海道,244,108,140.6331,41.8374
上西春別,北海道,329,69,144.7704,43.4108
下川,北海道,285,47,142.6419,44.3111
下川東,北海道,288,47,142.7656,44.3207
下川西,北海道,285,48,142.6303,44.2921
中富良野,北海道,283,70,142.5245,43.3841
中川,北海道,273,39,142.0528,44.6617
中川,北海道,274,35,142.0717,44.8116
中札内,北海道,295,87,143.1356,42.6975
中標津,北海道,333,66,144.9665,43.5508
中標津,北海道,333,66,144.9726,43.555
中頓別,北海道,277,32,142.2247,44.9387
中頓別,北海道,278,31,142.2908,44.9698
二股,北海道,311,76,143.8916,43.1502
仁宇布,北海道,284,42,142.5691,44.545
今金,北海道,232,94,140.0175,42.4286
伊達,北海道,249,92,140.8658,42.4727
佐呂間,北海道,312,53,143.9455,44.0813
佐呂間,北海道,308,54,143.7747,44.0185
余別,北海道,239,72,140.3791,43.3235
余市,北海道,247,75,140.7818,43.1974
倶知安,北海道,248,81,140.8223,42.95
倶知安,北海道,247,82,140.7672,42.9057
八雲,北海道,237,98,140.2636,42.2586
共和,北海道,244,80,140.6219,42.9758
函館,北海道,246,110,140.7383,41.7701
初山別,北海道,267,42,141.7664,44.5323
別海,北海道,336,70,145.1168,43.3941
別海東,北海道,336,70,145.1224,43.3978
別海西,北海道,329,70,144.8021,43.39
北島歌,北海道,228,89,139.8287,42.5949
北檜山,北海道,231,92,139.9678,42.4851
北見,北海道,311,60,143.9008,43.7996
千歳,北海道,265,82,141.6399,42.888
千歳,北海道,264,85,141.601,42.79
南富良野,北海道,284,75,142.5662,43.1666
南茅部,北海道,251,106,140.9697,41.9051
占冠,北海道,285,78,142.6562,43.0406
占冠,北海道,280,80,142.3995,42.9805
厚岸,北海道,330,78,144.8498,43.0509
厚床,北海道,338,74,145.2604,43.2326
厚沢部,北海道,238,104,140.3087,41.9856
厚田,北海道,261,70,141.4346,43.4001
厚真,北海道,269,88,141.8641,42.6486
古平,北海道,244,74,140.6228,43.2341
名寄,北海道,280,44,142.4056,44.4376
名寄,北海道,281,46,142.4547,44.3598
和寒,北海道,278,56,142.2834,43.9754
和寒,北海道,281,54,142.4123,44.0235
喜茂別,北海道,251,85,140.9766,42.768
喜茂別,北海道,251,84,140.9364,42.7977
四番川,北海道,264,66,141.5924,43.5324
塘路,北海道,323,76,144.4976,43.1486
増毛,北海道,263,59,141.5275,43.8515
士別,北海道,280,50,142.3942,44.1821
士幌,北海道,297,75,143.2408,43.1694
壮瞥,北海道,249,90,140.8866,42.5533
夕張,北海道,272,80,142.0085,42.993
夕張,北海道,272,80,142.0085,42.9933
大成,北海道,228,98,139.8184,42.2286
大樹,北海道,296,92,143.152,42.4865
大樹,北海道,298,92,143.2787,42.4984
大滝,北海道,253,88,141.0643,42.6476
大滝,北海道,253,88,141.0791,42.6711
天人峡,北海道,286,64,142.6837,43.6249
天塩,北海道,271,33,141.9251,44.8948
天塩,北海道,267,33,141.75,44.8845
女満別,北海道,317,57,144.1913,43.9144
宗谷岬,北海道,271,18,141.9548,45.5132
定山渓,北海道,255,80,141.1651,42.9721
室蘭,北海道,252,94,141.0017,42.4116
室蘭,北海道,252,95,141.0319,42.3483
富士見,北海道,299,63,143.3088,43.6746
富良野,北海道,279,70,142.3409,43.3697
富良野,北海道,280,71,142.3845,43.3421
寿都,北海道,236,85,140.2305,42.7904
小平東,北海道,271,53,141.9621,44.0974
小平西,北海道,268,54,141.7876,44.0254
小樽,北海道,252,75,140.9935,43.1907
小清水,北海道,322,58,144.4574,43.8566
小清水,北海道,322,58,144.4629,43.8565
小砂子,北海道,231,113,139.9976,41.6487
層雲峡,北海道,291,61,142.9033,43.7704
岩内,北海道,242,80,140.5094,42.9793
岩見沢,北海道,268,75,141.7754,43.1968
島牧,北海道,235,85,140.1557,42.7797
島牧,北海道,233,87,140.0616,42.7011
川湯,北海道,321,64,144.3901,43.6427
帯広,北海道,297,81,143.2137,42.9311
常呂,北海道,314,52,144.0712,44.1204
幌加内,北海道,275,55,142.1484,44.0071
幌加内中,北海道,275,52,142.1414,44.116
幌加内北,北海道,275,48,142.1594,44.2803
幌加内南,北海道,275,55,142.1258,43.9994
幌延,北海道,274,30,142.0795,45.0167
幌毛志,北海道,278,86,142.2973,42.7275
平取,北海道,275,90,142.131,42.5886
平取東,北海道,280,87,142.4054,42.7061
平取西,北海道,277,87,142.2296,42.7031
広尾,北海道,299,97,143.312,42.2864
広島,北海道,263,80,141.5524,42.9925
弟子屈,北海道,322,67,144.4485,43.5077
当別,北海道,264,69,141.5836,43.4087
当別,北海道,262,74,141.5171,43.2237
愛別,北海道,284,57,142.5695,43.909
戸井,北海道,252,111,141.0025,41.7162
支笏湖畔,北海道,260,85,141.4021,42.7755
斜里,北海道,326,57,144.6657,43.9136
斜里北,北海道,333,53,144.9935,44.064
斜里南,北海道,329,57,144.8071,43.9269
新冠,北海道,283,89,142.5446,42.5977
新得,北海道,289,78,142.8395,43.0736
新得北,北海道,291,71,142.9448,43.3337
新得南,北海道,291,75,142.9176,43.1739
新篠津,北海道,265,74,141.6523,43.2204
日高,北海道,281,82,142.4484,42.8775
早来,北海道,269,85,141.8221,42.7655
旭川,北海道,280,61,142.3648,43.7726
月形,北海道,265,71,141.6635,43.3443
朝日,北海道,284,52,142.5952,44.1185
木古内,北海道,240,112,140.4334,41.6795
木間内,北海道,239,106,140.3695,41.9352
本別,北海道,305,77,143.6181,43.1211
本別,北海道,305,77,143.6183,43.1213
本別海,北海道,339,70,145.284,43.3852
札幌,北海道,259,76,141.3513,43.139
朱鞠内,北海道,275,48,142.1612,44.2806
東利尻,北海道,256,24,141.217,45.246
松前,北海道,234,118,140.1115,41.4339
枝幸,北海道,284,32,142.5744,44.9375
栗山,北海道,268,78,141.8063,43.0587
根室,北海道,345,71,145.6003,43.3327
森,北海道,243,102,140.5633,42.0963
椴法華,北海道,255,108,141.1411,41.8345
様似,北海道,291,101,142.9164,42.133
様似,北海道,291,101,142.9353,42.1306
標津,北海道,336,63,145.1307,43.6619
標津北,北海道,334,60,145.0246,43.785
標津南,北海道,332,63,144.9618,43.6772
標茶,北海道,325,72,144.5996,43.3033
標茶北,北海道,326,70,144.6279,43.3848
標茶南,北海道,327,74,144.6804,43.2139
歌登,北海道,282,34,142.4811,44.8417
歌登北,北海道,282,34,142.4868,44.857
歌登南,北海道,284,37,142.6039,44.7433
正修,北海道,271,42,141.9653,44.5453
江別,北海道,263,77,141.5462,43.1161
江差,北海道,234,107,140.127,41.8691
池田,北海道,302,81,143.4483,42.9283
沼川,北海道,269,24,141.8531,45.2525
沼田,北海道,271,59,141.9397,43.8203
沼田,北海道,271,60,141.9342,43.8007
泊,北海道,242,78,140.5017,43.0527
津別,北海道,313,62,144.0272,43.7055
浜中,北海道,336,74,145.1168,43.2084
浜中,北海道,336,78,145.1296,43.0767
浜益,北海道,260,65,141.3882,43.6015
浜頓別,北海道,281,28,142.4307,45.1001
浜頓別,北海道,279,27,142.3519,45.1266
浦幌,北海道,306,84,143.6588,42.8087
浦河,北海道,288,100,142.7673,42.1678
深川,北海道,273,62,142.0525,43.7243
深川北,北海道,275,59,142.1594,43.8243
深川南,北海道,274,62,142.0776,43.6948
清水,北海道,290,83,142.883,42.8742
港町,北海道,265,51,141.6642,44.1486
湧別,北海道,305,50,143.6155,44.2199
湧別北,北海道,305,50,143.6202,44.2146
湯ノ岱,北海道,237,110,140.2512,41.7492
滝上,北海道,294,50,143.0774,44.1915
滝上北,北海道,294,50,143.0767,44.192
滝上南,北海道,293,52,143.0111,44.1146
滝川,北海道,270,66,141.9175,43.5524
瀬棚,北海道,228,93,139.8537,42.4502
熊石,北海道,232,101,140.004,42.1344
熊石,北海道,231,101,139.9815,42.1297
猿払,北海道,274,22,142.1077,45.3299
猿払北,北海道,275,22,142.1185,45.3346
猿払南,北海道,277,25,142.2254,45.2163
生花,北海道,301,89,143.4209,42.6181
由仁,北海道,268,80,141.7904,42.9986
留萌,北海道,265,56,141.637,43.9407
留辺蘂,北海道,302,61,143.4514,43.7419
留辺蘂,北海道,305,60,143.6072,43.7849
登別,北海道,253,94,141.0814,42.4211
白滝,北海道,294,59,143.0861,43.8494
白滝,北海道,296,58,143.1747,43.8785
白糠,北海道,314,81,144.0697,42.9581
白糠北,北海道,311,76,143.8936,43.1603
白糠南,北海道,313,80,143.9841,42.9856
白老,北海道,259,90,141.3497,42.5629
白老,北海道,259,90,141.3499,42.5627
目黒,北海道,299,101,143.3153,42.1287
直別,北海道,310,83,143.8579,42.8542
相泊,北海道,338,52,145.2478,44.106
真狩,北海道,248,85,140.8084,42.763
知内,北海道,240,114,140.4207,41.5977
石狩,北海道,258,75,141.3046,43.1721
砂川,北海道,270,67,141.909,43.5138
礼文,北海道,253,23,141.0475,45.3049
神恵内,北海道,240,76,140.4355,43.1449
福島,北海道,236,117,140.247,41.4862
稚内,北海道,265,20,141.672,45.4163
稚内北,北海道,270,18,141.885,45.4883
稚内東,北海道,270,25,141.8806,45.2303
稚内西,北海道,265,24,141.6334,45.2531
稲穂,北海道,222,98,139.552,42.2397
穂別,北海道,275,83,142.1285,42.8714
穂別,北海道,275,85,142.1346,42.7608
積丹,北海道,244,72,140.6014,43.2921
糠平,北海道,299,72,143.3049,43.3191
紋別,北海道,300,46,143.3538,44.3557
納沙布,北海道,350,70,145.8026,43.368
網走,北海道,318,54,144.2729,44.0201
置戸,北海道,304,63,143.578,43.6707
置戸東,北海道,303,64,143.51,43.6352
羅臼,北海道,337,54,145.1886,44.0202
美唄,北海道,269,71,141.8553,43.3332
美幌,北海道,317,62,144.1835,43.7228
美幌,北海道,315,59,144.1087,43.8244
美深,北海道,279,43,142.3427,44.4806
美深北,北海道,278,40,142.3036,44.5973
美深東,北海道,284,41,142.5736,44.5509
美深西,北海道,278,43,142.2725,44.4732
美瑛,北海道,282,65,142.4675,43.5885
美瑛東,北海道,284,67,142.6006,43.5038
美瑛西,北海道,280,67,142.3906,43.5113
羽幌,北海道,266,46,141.6978,44.3611
興部,北海道,295,43,143.1277,44.4796
興部東,北海道,297,46,143.2407,44.3843
興部西,北海道,293,45,143.0264,44.4234
船泊,北海道,253,20,141.0367,45.4408
芦別,北海道,276,67,142.1914,43.5199
芽室,北海道,294,82,143.0603,42.892
苫小牧,北海道,264,88,141.6057,42.6344
落石,北海道,344,75,145.5209,43.1948
薫別,北海道,334,60,145.0565,43.7938
蘭越,北海道,241,84,140.4831,42.8309
蘭越,北海道,242,84,140.5302,42.8051
西興部,北海道,291,47,142.9447,44.3287
豊富,北海道,268,28,141.7834,45.1019
豊富,北海道,267,28,141.7667,45.103
豊浦,北海道,245,88,140.665,42.6415
豊浦,北海道,245,90,140.6436,42.5894
豊頃,北海道,303,84,143.5203,42.8114
赤井川,北海道,248,77,140.8199,43.0842
赤井川,北海道,248,77,140.82,43.0846
足寄,北海道,304,74,143.5544,43.2436
足寄東,北海道,311,70,143.8983,43.3822
足寄西,北海道,301,73,143.4317,43.2708
農屋,北海道,282,94,142.4992,42.4194
追分,北海道,268,83,141.8191,42.8739
追分,北海道,268,83,141.8204,42.8741
達布,北海道,269,54,141.8573,44.0489
遠別,北海道,268,39,141.8187,44.6359
遠別,北海道,269,37,141.8284,44.7195
遠軽,北海道,303,53,143.5336,44.0921
釧路,北海道,321,80,144.3824,42.9845
長万部,北海道,239,92,140.3539,42.4944
門別,北海道,273,92,142.0543,42.4825
門別東,北海道,279,89,142.3521,42.5934
門別西,北海道,273,91,142.0381,42.5126
阿寒,北海道,315,77,144.123,43.1141
阿寒北,北海道,315,69,144.0844,43.4361
阿寒南,北海道,315,77,144.123,43.1142
阿寒湖畔,北海道,315,69,144.0855,43.4369
陸別,北海道,306,68,143.683,43.4683
陸別,北海道,308,68,143.7483,43.4716
雄冬,北海道,259,61,141.3685,43.7735
雄武,北海道,289,42,142.8444,44.5276
雄武,北海道,292,41,142.9644,44.582
青苗,北海道,220,102,139.4515,42.0661
静内,北海道,279,95,142.3572,42.3498
静内,北海道,280,96,142.3688,42.3414
音威子府,北海道,277,36,142.2542,44.7745
音威子府,北海道,278,37,142.2636,44.7284
風烈布,北海道,288,37,142.7633,44.7406
鵡川,北海道,271,90,141.9279,42.575
鶴居,北海道,319,74,144.3248,43.233
鶴居南,北海道,320,76,144.3274,43.1359
鶴居東,北海道,322,74,144.4285,43.22
鶴居西,北海道,318,73,144.2338,43.2556
鹿部,北海道,248,103,140.8064,42.0436
黒松内,北海道,241,89,140.4841,42.6104
黒松内,北海道,238,88,140.3049,42.6679
下総,千葉県,232,256,140.0206,35.7966
佐倉,千葉県,236,258,140.2267,35.7234
佐原,千葉県,241,254,140.4905,35.9007
八日市場,千葉県,243,258,140.568,35.7077
勝浦,千葉県,238,272,140.3222,35.1577
勝浦北,千葉県,237,271,140.2655,35.181
勝浦東,千葉県,238,272,140.3398,35.1714
匝瑳,千葉県,242,258,140.5046,35.7215
千倉,千葉県,230,277,139.9459,34.9707
千葉,千葉県,236,262,140.2417,35.5458
千葉,千葉県,234,261,140.1022,35.6082
姉崎,千葉県,232,264,140.0489,35.4769
富津,千葉県,229,267,139.8554,35.3445
富津,千葉県,229,268,139.8598,35.3083
岬,千葉県,239,268,140.3867,35.2999
市場,千葉県,233,268,140.0755,35.2988
市川北,千葉県,231,257,139.9665,35.766
成田,千葉県,238,255,140.298,35.8307
成田,千葉県,238,257,140.3067,35.7801
木更津,千葉県,230,267,139.9159,35.3738
木更津市役所,千葉県,230,267,139.9151,35.3766
東金,千葉県,238,262,140.3333,35.5727
松戸,千葉県,229,256,139.9031,35.7868
浦安,千葉県,229,260,139.9023,35.6537
白井,千葉県,233,256,140.0564,35.7943
白浜,千葉県,229,278,139.8979,34.9083
稲毛,千葉県,233,260,140.0784,35.6335
茂原,千葉県,237,265,140.2905,35.4327
蓮沼,千葉県,242,261,140.5107,35.5943
蓮沼,千葉県,242,261,140.5014,35.6021
行徳,千葉県,230,259,139.9176,35.6947
野田,千葉県,229,252,139.8733,35.9595
銚子,千葉県,248,258,140.83,35.7358
銚子中,千葉県,248,258,140.823,35.7342
鋸南,千葉県,228,273,139.8351,35.1105
長南,千葉県,236,266,140.237,35.3872
養老,千葉県,235,269,140.1529,35.2867
館山,千葉県,228,276,139.8449,34.9741
館山西,千葉県,227,277,139.7885,34.9591
鴨川,千葉県,231,272,139.9649,35.1384
鴨川,千葉県,234,273,140.1022,35.1155
鴨川南,千葉県,233,274,140.0997,35.0882
すさみ,和歌山県,141,311,135.5454,33.5559
すさみ,和歌山県,140,311,135.4972,33.5503
上富田,和歌山県,139,308,135.4396,33.6894
串本,和歌山県,146,313,135.7835,33.472
印南,和歌山県,134,305,135.2172,33.8248
和歌山,和歌山県,131,293,135.0714,34.2868
和歌山,和歌山県,133,295,135.1694,34.2288
大塔,和歌山県,142,308,135.5953,33.6948
太地,和歌山県,149,310,135.946,33.5947
広川,和歌山県,134,301,135.2122,33.9804
御坊,和歌山県,133,303,135.1524,33.8908
新宮,和歌山県,150,307,135.9813,33.7209
有田,和歌山県,132,298,135.116,34.0996
木守,和歌山県,143,308,135.6397,33.7053
本宮,和歌山県,145,304,135.7735,33.8375
清水,和歌山県,138,298,135.4309,34.0841
田辺,和歌山県,137,307,135.3772,33.7289
花園,和歌山県,141,297,135.5369,34.1373
那智勝浦,和歌山県,147,310,135.8619,33.6072
那賀,和歌山県,139,292,135.4483,34.3228
那賀,和歌山県,138,294,135.4305,34.2755
野上,和歌山県,136,297,135.3244,34.1314
高野,和歌山県,142,295,135.586,34.216
龍神,和歌山県,140,303,135.4883,33.8938
中津川,埼玉県,207,251,138.801,35.9954
久喜,埼玉県,225,249,139.6968,36.072
名栗,埼玉県,214,253,139.1485,35.9118
大宮,埼玉県,224,254,139.6481,35.9065
小川,埼玉県,216,250,139.2626,36.0562
小鹿野,埼玉県,210,251,138.9691,36.0274
岩槻,埼玉県,226,253,139.7349,35.929
川口,埼玉県,226,256,139.7212,35.8098
川本,埼玉県,217,248,139.2894,36.1131
川越,埼玉県,221,254,139.4826,35.9034
所沢,埼玉県,222,256,139.5353,35.8028
所沢,埼玉県,221,256,139.4659,35.7965
日高,埼玉県,219,254,139.3843,35.899
春日部,埼玉県,226,252,139.7526,35.9745
本庄,埼玉県,215,245,139.1937,36.2428
東松山,埼玉県,219,250,139.3912,36.054
熊谷,埼玉県,219,248,139.3884,36.1476
皆野,埼玉県,213,250,139.0993,36.0715
神泉,埼玉県,212,248,139.0504,36.1509
秩父,埼玉県,213,251,139.0709,35.9954
都幾川,埼玉県,216,251,139.2191,35.9964
長瀞,埼玉県,213,248,139.1045,36.1179
飯能,埼玉県,217,255,139.2726,35.8637
飯能,埼玉県,218,255,139.3215,35.8401
三重,大分県,60,325,131.5881,32.987
中津,大分県,54,311,131.2678,33.5685
九重,大分県,53,318,131.2118,33.2844
佐伯,大分県,66,327,131.8695,32.9278
佐伯,大分県,67,326,131.9028,32.9747
佐賀関,大分県,66,319,131.8811,33.2461
国東,大分県,63,311,131.7378,33.5666
国見,大分県,60,308,131.5936,33.6783
大分,大分県,61,319,131.6103,33.2478
天瀬,大分県,49,319,131.0203,33.2555
宇目,大分県,62,328,131.6587,32.8578
宇目東,大分県,62,329,131.6786,32.8486
宇目西,大分県,59,329,131.5357,32.8392
安岐,大分県,62,313,131.6856,33.4736
山国,大分県,49,315,131.0326,33.4122
山香,大分県,57,314,131.4429,33.4581
庄内,大分県,55,322,131.3473,33.1306
杵築,大分県,61,315,131.6148,33.4152
津久見,大分県,66,323,131.8589,33.0656
湯布院,大分県,55,319,131.3439,33.2569
犬飼,大分県,60,323,131.5934,33.0726
直入,大分県,56,323,131.3734,33.0664
竹田,大分県,56,326,131.3984,32.9726
竹田,大分県,56,326,131.397,32.9722
耶馬渓,大分県,51,314,131.1142,33.4549
蒲江,大分県,67,330,131.9251,32.7972
豊後高田,大分県,57,311,131.4461,33.5575
野津原,大分県,59,321,131.542,33.1525
院内,大分県,55,314,131.3148,33.4244
交野,大阪府,144,282,135.7052,34.763
四條畷,大阪府,143,282,135.6394,34.7405
堺,大阪府,139,286,135.471,34.5894
大阪,大阪府,140,283,135.5199,34.7159
大阪,大阪府,140,283,135.5099,34.7255
太子,大阪府,143,287,135.6608,34.5248
岸和田,大阪府,138,290,135.3917,34.4402
此花,大阪府,138,284,135.3896,34.6628
河内長野,大阪府,142,290,135.5816,34.4366
泉南,大阪府,135,291,135.2549,34.3755
田尻,大阪府,135,291,135.2836,34.3977
羽曳野,大阪府,142,287,135.6058,34.5577
能勢,大阪府,138,277,135.39,34.9707
豊中,大阪府,139,282,135.4683,34.7668
高槻,大阪府,142,279,135.5958,34.8573
上北山,奈良県,150,297,136.0046,34.1352
五條,奈良県,144,292,135.6883,34.3408
十津川,奈良県,145,302,135.7552,33.938
十津川東,奈良県,147,301,135.8574,33.9692
十津川西,奈良県,143,301,135.6489,33.9666
大和高田,奈良県,144,288,135.7191,34.5169
大塔,奈良県,145,295,135.7369,34.2213
天理,奈良県,147,286,135.8541,34.5843
奈良,奈良県,147,284,135.8352,34.6683
山添,奈良県,151,285,136.0512,34.6413
川上,奈良県,150,293,136.0022,34.2925
川上,奈良県,149,292,135.9541,34.3383
東吉野,奈良県,151,290,136.0294,34.4237
榛原,奈良県,149,287,135.9512,34.528
生駒,奈良県,145,283,135.7272,34.7154
黒滝,奈良県,147,293,135.8369,34.3061
仙台,宮城県,252,196,140.9969,38.24
仙台,宮城県,250,196,140.9293,38.2663
伊里前,宮城県,262,185,141.5228,38.7194
作並,宮城県,244,194,140.6357,38.3177
利府,宮城県,251,194,140.9551,38.34
北上,宮城県,260,188,141.4266,38.5676
南三陸,宮城県,260,185,141.4176,38.6993
古川,宮城県,251,188,140.9654,38.5801
唐桑,宮城県,265,180,141.6377,38.9207
塩竈,宮城県,252,194,141.0193,38.3175
大和,宮城県,250,191,140.8874,38.4466
小野田,宮城県,247,188,140.7804,38.5793
山元,宮城県,250,204,140.8924,37.9411
岩沼,宮城県,249,199,140.8441,38.1133
岩沼,宮城県,249,200,140.8699,38.1049
川崎,宮城県,244,198,140.6405,38.1802
志津川,宮城県,261,186,141.4428,38.6416
東和,宮城県,258,183,141.3254,38.786
東和,宮城県,258,184,141.3106,38.7348
歌津,宮城県,262,184,141.5109,38.7262
気仙沼,宮城県,263,180,141.5684,38.9015
河北,宮城県,259,190,141.3421,38.5158
牡鹿,宮城県,262,195,141.5044,38.3052
田尻,宮城県,253,188,141.071,38.5907
白石,宮城県,244,202,140.6027,38.0091
白石,宮城県,244,202,140.621,38.0085
石巻,宮城県,258,192,141.2818,38.4292
築館,宮城県,252,184,141.0271,38.7324
角田,宮城県,247,203,140.7818,37.9763
豊里,宮城県,257,188,141.251,38.5876
鳴子,宮城県,245,181,140.6513,38.8587
鳴子,宮城県,245,183,140.6507,38.7992
鳴子温泉,宮城県,246,184,140.7246,38.7508
えびの,宮崎県,44,348,130.811,32.0461
串間,宮崎県,53,363,131.2277,31.4637
五ヶ瀬,宮崎県,53,333,131.2257,32.6536
佐土原,宮崎県,58,349,131.47,32.0208
北川,宮崎県,62,332,131.6829,32.6972
北川,宮崎県,62,332,131.6831,32.6978
北郷,宮崎県,57,337,131.4444,32.5006
南郷,宮崎県,54,341,131.2668,32.347
南郷,宮崎県,55,340,131.3339,32.3889
国富,宮崎県,54,349,131.29,32.0215
宮崎,宮崎県,57,352,131.4187,31.9087
小林,宮崎県,48,349,130.9721,31.9968
川南,宮崎県,59,344,131.5309,32.2132
延岡,宮崎県,62,337,131.6958,32.506
延岡,宮崎県,62,336,131.6598,32.5659
日南,宮崎県,55,360,131.351,31.5649
日南,宮崎県,56,359,131.3743,31.6129
日向,宮崎県,60,340,131.5893,32.3654
日向,宮崎県,61,339,131.6003,32.4281
東郷,宮崎県,58,341,131.4643,32.3607
椎葉,宮崎県,50,338,131.1043,32.4754
椎葉,宮崎県,51,338,131.147,32.455
田野,宮崎県,54,353,131.3026,31.8454
綾,宮崎県,54,350,131.2557,31.9951
西米良,宮崎県,52,345,131.1946,32.1987
西米良,宮崎県,51,344,131.1158,32.2353
西都,宮崎県,56,347,131.3928,32.106
諸塚,宮崎県,55,337,131.3349,32.5181
都井岬,宮崎県,55,364,131.3052,31.3985
都城,宮崎県,50,356,131.0621,31.7185
都城北,宮崎県,47,353,130.9454,31.8643
都城南,宮崎県,50,356,131.0791,31.7301
都農,宮崎県,60,343,131.5609,32.2565
須木,宮崎県,50,348,131.0618,32.0421
高千穂,宮崎県,55,332,131.3089,32.705
高崎,宮崎県,50,353,131.0685,31.8723
井波,富山県,170,237,136.9584,36.5736
八尾,富山県,174,237,137.1595,36.5711
八尾,富山県,173,237,137.1406,36.5864
利賀,富山県,171,240,137.0392,36.4406
利賀,富山県,171,240,137.0353,36.4411
境,富山県,183,227,137.6257,36.976
大山,富山県,176,236,137.2831,36.6086
大門,富山県,171,234,137.0378,36.7142
宇奈月,富山県,181,230,137.5274,36.8624
富山,富山県,176,233,137.2627,36.7294
富山,富山県,175,235,137.2123,36.6687
小矢部,富山県,168,235,136.897,36.6716
新湊,富山県,172,232,137.0803,36.7824
氷見,富山県,169,230,136.9276,36.8866
氷見,富山県,170,230,136.9747,36.866
福光,富山県,168,238,136.8872,36.56
芦弁,富山県,178,237,137.385,36.5781
魚津,富山県,180,232,137.4689,36.7914
魚津,富山県,179,231,137.4192,36.8163
むつみ,山口県,61,288,131.6329,34.4837
上関,山口県,71,305,132.104,33.826
上関,山口県,71,304,132.1204,33.8455
下関,山口県,49,299,131.0214,34.0643
周東,山口県,70,300,132.0626,34.027
宇部,山口県,54,301,131.3012,33.9893
宇部,山口県,53,300,131.2181,33.9941
山口,山口県,57,300,131.4042,34.0121
岩国,山口県,71,296,132.126,34.1891
岩国,山口県,72,296,132.1766,34.1699
徳地,山口県,62,295,131.6859,34.2091
徳山,山口県,65,301,131.8149,33.9725
徳山,山口県,65,299,131.8077,34.0544
東和,山口県,77,302,132.4046,33.9291
東和,山口県,76,303,132.3561,33.9091
柳井,山口県,71,301,132.1011,33.9649
玖珂,山口県,70,298,132.0758,34.0966
生雲中,山口県,61,291,131.6002,34.3829
田万川,山口県,62,285,131.6681,34.6257
美川,山口県,69,295,131.9943,34.1974
美川,山口県,68,295,131.9822,34.2304
美東,山口県,56,295,131.3597,34.2176
美祢,山口県,51,298,131.1434,34.1111
美祢,山口県,53,296,131.2064,34.1657
菊川,山口県,49,298,131.0506,34.1149
萩,山口県,56,291,131.3774,34.3979
萩,山口県,56,290,131.3987,34.4073
豊北,山口県,47,293,130.9484,34.2904
豊浦,山口県,47,297,130.9323,34.1349
豊浦,山口県,47,297,130.9298,34.149
長門,山口県,52,292,131.177,34.3408
長門,山口県,52,291,131.182,34.3709
防府,山口県,60,299,131.5618,34.0494
防府,山口県,59,300,131.5348,34.031
須佐,山口県,61,285,131.6019,34.6173
鹿野,山口県,65,295,131.8169,34.2319
上山,山形県,238,200,140.2978,38.0813
上山,山形県,237,198,140.2674,38.1502
下屋地,山形県,229,204,139.8697,37.9207
中村,山形県,231,193,139.9921,38.3856
八幡,山形県,232,178,140.0333,38.9701
南陽,山形県,235,200,140.1553,38.1035
天童,山形県,239,193,140.3805,38.3841
寒河江,山形県,237,193,140.2743,38.3898
小国,山形県,227,202,139.8017,37.9883
小国,山形県,227,201,139.7575,38.0621
尾花沢,山形県,240,187,140.4054,38.6001
山形,山形県,237,196,140.2583,38.2693
山形,山形県,239,196,140.3488,38.2604
戸沢,山形県,235,184,140.178,38.7498
新庄,山形県,237,183,140.2957,38.7679
新庄支所,山形県,238,183,140.313,38.7909
最上,山形県,243,185,140.5544,38.7132
朝日,山形県,227,191,139.7606,38.4704
東根,山形県,239,192,140.3907,38.4306
清川,山形県,232,183,140.0185,38.7895
温海,山形県,223,187,139.5889,38.6276
立川,山形県,232,187,140.0055,38.6357
米沢,山形県,232,205,140.0278,37.896
米沢,山形県,233,205,140.0996,37.9043
肘折,山形県,235,187,140.1621,38.607
舟形,山形県,239,185,140.3744,38.7107
西川東,山形県,234,192,140.1249,38.4257
西川西,山形県,231,193,139.9916,38.386
酒田,山形県,228,180,139.8127,38.914
長井,山形県,232,200,140.0428,38.1074
高畠,山形県,235,203,140.1836,37.9633
鶴岡,山形県,227,184,139.8013,38.7292
上九一色,山梨県,203,263,138.6045,35.5323
丹波山,山梨県,209,256,138.9198,35.7895
六郷,山梨県,200,264,138.4627,35.4965
南部,山梨県,200,269,138.4649,35.2791
塩山,山梨県,206,259,138.7266,35.702
増穂,山梨県,200,262,138.449,35.5623
大月,山梨県,211,260,138.9777,35.6247
大月,山梨県,210,261,138.947,35.6132
富士吉田,山梨県,207,264,138.813,35.4648
早川,山梨県,198,265,138.3325,35.4327
早川,山梨県,198,265,138.3321,35.432
早川北,山梨県,197,263,138.3087,35.5351
本栖,山梨県,203,264,138.6069,35.4684
甲府,山梨県,202,260,138.5677,35.6548
甲府2,山梨県,202,258,138.5653,35.7421
芦安,山梨県,199,260,138.3835,35.6382
西野原,山梨県,206,259,138.734,35.6895
身延,山梨県,199,267,138.4203,35.3509
都留南,山梨県,210,263,138.9675,35.5115
須玉,山梨県,199,256,138.4096,35.7918
七宗,岐阜県,173,262,137.1191,35.5424
上宝,岐阜県,181,245,137.5174,36.2493
上石津,岐阜県,160,269,136.4732,35.2953
上石津,岐阜県,160,269,136.4715,35.2834
下呂,岐阜県,175,256,137.245,35.8029
下呂北,岐阜県,176,256,137.2531,35.7991
中津川,岐阜県,180,265,137.4706,35.4571
中津川,岐阜県,181,264,137.5,35.4887
付知,岐阜県,179,260,137.4258,35.6576
八幡,岐阜県,170,257,136.9808,35.7593
八百津,岐阜県,175,264,137.2464,35.4865
古川,岐阜県,174,245,137.1983,36.2448
各務原,岐阜県,168,266,136.8764,35.4121
土岐,岐阜県,175,266,137.2158,35.3882
坂内,岐阜県,158,261,136.4134,35.6033
大和,岐阜県,170,255,136.9621,35.8323
小坂,岐阜県,176,252,137.26,35.9515
岐阜,岐阜県,165,265,136.7568,35.4248
恵那,岐阜県,179,265,137.4039,35.4495
揖斐川,岐阜県,162,264,136.5714,35.4829
明智,岐阜県,178,268,137.387,35.3009
春日,岐阜県,159,266,136.4347,35.4179
朝日北,岐阜県,177,249,137.3438,36.094
朝日南,岐阜県,178,251,137.3906,36.0216
東杉原,岐阜県,160,260,136.4882,35.6365
東白川,岐阜県,177,260,137.3187,35.6401
板取,岐阜県,166,258,136.7847,35.7235
板取,岐阜県,166,258,136.7847,35.7234
栃尾,岐阜県,181,245,137.5174,36.2492
根尾,岐阜県,163,260,136.6134,35.6325
河合,岐阜県,171,245,137.0253,36.2734
白川,岐阜県,168,245,136.8979,36.2743
白川,岐阜県,168,245,136.8978,36.2742
白鳥,岐阜県,167,253,136.8311,35.9219
神岡,岐阜県,178,242,137.3716,36.3779
神岡,岐阜県,177,243,137.3014,36.3322
美並,岐阜県,170,259,136.9618,35.6665
美山,岐阜県,165,261,136.7414,35.5912
美濃,岐阜県,169,262,136.9072,35.5454
美濃加茂,岐阜県,170,265,137.004,35.4527
美濃加茂,岐阜県,170,265,137,35.4426
羽島,岐阜県,164,269,136.7002,35.2768
荘川,岐阜県,169,250,136.9479,36.0654
荘川,岐阜県,169,250,136.9528,36.0333
谷汲,岐阜県,163,263,136.6127,35.5214
金山,岐阜県,173,259,137.1054,35.6682
金山,岐阜県,174,260,137.1617,35.6637
馬瀬,岐阜県,173,254,137.1495,35.8991
高富,岐阜県,166,263,136.7939,35.5038
高山,岐阜県,175,248,137.2208,36.1338
高山,岐阜県,176,247,137.2514,36.1536
高根,岐阜県,180,250,137.4861,36.0378
高鷲,岐阜県,168,252,136.8732,35.9514
上斎原,岡山県,108,269,133.9263,35.2826
上斎原,岡山県,108,269,133.9256,35.2793
下津井,岡山県,105,289,133.7876,34.4462
倉敷,岡山県,104,286,133.7545,34.5893
備前,岡山県,113,282,134.1884,34.7454
加茂,岡山県,110,271,134.05,35.1787
勝央,岡山県,112,274,134.1162,35.0732
北房,岡山県,102,277,133.6205,34.9363
吉井,岡山県,111,278,134.0923,34.9176
哲多,岡山県,97,278,133.4055,34.9103
大原,岡山県,116,273,134.319,35.0999
岡山,岡山県,105,281,133.789,34.7783
岡山,岡山県,107,284,133.9067,34.654
建部,岡山県,106,279,133.8527,34.8684
建部,岡山県,107,279,133.9036,34.8701
新見,岡山県,99,277,133.5018,34.9579
日生,岡山県,115,282,134.2744,34.7283
津山,岡山県,109,274,134.005,35.0684
湯原,岡山県,103,271,133.6765,35.1809
湯原,岡山県,104,271,133.7314,35.1945
瀬戸,岡山県,111,282,134.0702,34.7501
玉野,岡山県,107,288,133.8905,34.507
真備,岡山県,103,285,133.6861,34.6429
神郷,岡山県,95,275,133.3169,35.0493
笠岡,岡山県,99,288,133.5099,34.5095
美星,岡山県,100,284,133.5283,34.6756
落合,岡山県,104,276,133.7317,35.0098
西粟倉,岡山県,116,272,134.3386,35.1737
高梁,岡山県,101,281,133.6121,34.7807
一戸,岩手県,256,151,141.1915,40.0811
一関,岩手県,254,179,141.1263,38.9346
一関東,岩手県,252,178,141.0013,38.969
一関西,岩手県,249,177,140.8638,39.0092
一関西2,岩手県,249,177,140.864,39.0094
久慈,岩手県,267,149,141.7641,40.1819
久慈北,岩手県,268,147,141.7831,40.2686
久慈南,岩手県,266,151,141.712,40.0861
九戸,岩手県,260,149,141.4245,40.1533
二戸,岩手県,258,147,141.2901,40.2632
二戸東,岩手県,259,147,141.3423,40.2383
二戸西,岩手県,255,147,141.1709,40.2611
住田,岩手県,260,173,141.3909,39.1809
北上,岩手県,255,170,141.1378,39.3209
大志田,岩手県,248,165,140.8301,39.5169
大東,岩手県,260,177,141.4031,39.0187
大船渡,岩手県,266,176,141.7083,39.0815
安代,岩手県,251,150,140.9529,40.1391
安代,岩手県,253,151,141.0523,40.1011
宮古,岩手県,271,162,141.9464,39.6472
山田,岩手県,271,166,141.9336,39.4734
山田,岩手県,272,166,141.9748,39.485
岩泉,岩手県,265,158,141.652,39.802
岩泉,岩手県,265,158,141.6584,39.803
川井,岩手県,266,163,141.6789,39.5997
川井北,岩手県,264,162,141.5977,39.6442
川井南,岩手県,266,166,141.6775,39.463
川尻,岩手県,247,170,140.7792,39.318
普代,岩手県,270,153,141.8861,40.0083
東和,岩手県,258,169,141.3015,39.334
水沢,岩手県,255,174,141.152,39.1454
玉山,岩手県,260,157,141.3826,39.825
田老,岩手県,270,159,141.9087,39.7435
田老,岩手県,271,160,141.9671,39.7357
盛岡,岩手県,255,161,141.1478,39.6953
相去,岩手県,254,171,141.0983,39.2569
矢巾,岩手県,254,163,141.0929,39.6148
石鳥谷,岩手県,255,166,141.147,39.4844
種市,岩手県,266,143,141.7191,40.4099
花巻北,岩手県,252,166,141.0001,39.4559
花巻南,岩手県,253,169,141.0473,39.3434
葛巻,岩手県,263,155,141.5492,39.9398
葛巻,岩手県,261,152,141.4502,40.0366
藤沢,岩手県,259,181,141.3512,38.8654
藪川,岩手県,259,158,141.3295,39.7841
西根,岩手県,253,155,141.082,39.9203
軽米,岩手県,263,146,141.5709,40.2705
遠野,岩手県,263,170,141.5637,39.3291
金ヶ崎,岩手県,252,173,141.0118,39.1979
釜石,岩手県,269,171,141.8233,39.2741
釜石,岩手県,269,171,141.8561,39.2701
門馬,岩手県,261,162,141.4376,39.6336
陸前高田,岩手県,263,177,141.532,39.0307
雫石,岩手県,251,162,140.9465,39.6436
下宇部尾,島根県,92,263,133.1652,35.5347
仁多,島根県,91,270,133.0856,35.2235
伯太,島根県,94,269,133.2604,35.2963
佐田,島根県,83,270,132.7223,35.2243
六日市,島根県,66,291,131.8925,34.3904
六日市,島根県,67,292,131.9352,34.3529
出雲,島根県,84,267,132.7449,35.3611
加茂,島根県,87,267,132.8989,35.3422
匹見,島根県,69,286,132.0122,34.5725
匹見,島根県,69,286,132.0141,34.5718
吉田,島根県,86,272,132.8558,35.1634
大田,島根県,79,271,132.4978,35.1942
布施,島根県,96,244,133.3561,36.2932
平田,島根県,85,265,132.8008,35.4259
広瀬,島根県,92,267,133.1704,35.3644
掛合,島根県,85,271,132.8146,35.1957
木次,島根県,87,269,132.9004,35.2881
松江,島根県,90,264,133.0682,35.4714
横田,島根県,91,271,133.0929,35.1795
江津,島根県,75,276,132.3069,35.0087
江津,島根県,73,276,132.2227,35.0112
津和野,島根県,64,289,131.7752,34.4668
浜田,島根県,70,279,132.0783,34.887
瑞穂,島根県,79,279,132.5308,34.8523
益田,島根県,66,284,131.8458,34.669
石見,島根県,77,279,132.4208,34.8801
美保関,島根県,95,262,133.3004,35.5579
美保関,島根県,92,263,133.1612,35.5372
美都,島根県,69,283,132.0402,34.694
羽須美,島根県,82,279,132.6396,34.8697
西ノ島,島根県,89,249,132.984,36.0933
邑智,島根県,79,274,132.5308,35.0918
邑智,島根県,81,274,132.5914,35.0807
都万,島根県,94,247,133.2331,36.1925
金城,島根県,73,279,132.2026,34.8839
鹿島,島根県,89,263,133.0226,35.5232
三原,広島県,90,291,133.0236,34.3736
三原,広島県,91,290,133.0832,34.404
三次,広島県,86,280,132.8418,34.8143
世羅,広島県,90,286,133.0488,34.5868
佐伯,広島県,72,291,132.1611,34.3935
倉橋,広島県,79,297,132.5053,34.1161
口和,広島県,87,278,132.9123,34.9137
吉田,広島県,82,284,132.6689,34.6629
吉舎,広島県,88,283,132.9524,34.7016
向原,広島県,83,286,132.7201,34.6029
呉,広島県,82,293,132.6411,34.2883
呉,広島県,80,294,132.5617,34.253
因島,広島県,92,293,133.1693,34.3027
大和,広島県,88,287,132.948,34.5482
大野,広島県,74,293,132.2766,34.2869
尾道,広島県,93,290,133.1971,34.4198
広島,広島県,77,286,132.4295,34.581
広島,広島県,78,291,132.4505,34.3768
広島南,広島県,77,290,132.3907,34.4122
府中,広島県,94,286,133.2362,34.5676
御調,広島県,92,288,133.1375,34.5183
戸河内,広島県,73,286,132.2326,34.5716
東城,広島県,95,278,133.2755,34.8951
東広島,広島県,85,289,132.7923,34.4572
東広島,広島県,84,290,132.7422,34.4276
沖美,広島県,77,295,132.4063,34.209
油木,広島県,95,281,133.2807,34.777
沼隈,広島県,96,291,133.3493,34.3785
湯来,広島県,74,288,132.2794,34.4926
甲奴,広島県,91,283,133.0946,34.7032
神石,広島県,92,280,133.1674,34.8225
神辺,広島県,98,287,133.4179,34.5566
福山,広島県,96,288,133.3615,34.4849
竹原,広島県,87,292,132.9068,34.3413
芸北,広島県,76,282,132.3794,34.7471
芸北,広島県,74,283,132.2772,34.7262
西城,広島県,91,277,133.1171,34.9529
豊平,広島県,77,284,132.4077,34.6659
高野,広島県,87,275,132.9018,35.0337
上勝,徳島県,117,303,134.3889,33.8788
井川,徳島県,107,300,133.8933,33.9997
市場,徳島県,115,298,134.285,34.0905
徳島,徳島県,120,301,134.5337,33.9902
徳島,徳島県,121,299,134.582,34.0438
日和佐,徳島県,120,306,134.4994,33.7751
木屋平,徳島県,112,303,134.1294,33.8778
木屋平,徳島県,114,302,134.212,33.9344
木頭,徳島県,113,306,134.1995,33.7719
東祖谷山,徳島県,108,303,133.9218,33.8746
池田,徳島県,105,300,133.809,34.0319
海南,徳島県,116,309,134.3156,33.6628
牟岐,徳島県,118,308,134.4192,33.6692
由岐,徳島県,121,306,134.5914,33.7749
貞光,徳島県,111,300,134.0918,34.0112
貞光,徳島県,111,299,134.0614,34.038
阿南,徳島県,122,303,134.6039,33.8716
鳴門,徳島県,122,295,134.6098,34.203
三崎,愛媛県,71,316,132.1157,33.3719
三崎,愛媛県,71,315,132.1141,33.3924
丹原,愛媛県,90,303,133.0658,33.9023
今治,愛媛県,89,299,132.9982,34.0624
伊予,愛媛県,83,306,132.7089,33.7654
伊予三島,愛媛県,100,301,133.549,33.981
伊方,愛媛県,75,313,132.3072,33.4719
八幡浜,愛媛県,78,314,132.4336,33.4496
北条,愛媛県,84,301,132.7722,33.9621
大洲,愛媛県,81,311,132.6011,33.5807
宇和,愛媛県,79,314,132.5055,33.427
宇和島,愛媛県,80,319,132.5727,33.2217
宮窪,愛媛県,90,296,133.0581,34.1918
川内,愛媛県,87,305,132.9141,33.7974
広田,愛媛県,85,309,132.7963,33.6324
新宮,愛媛県,102,302,133.6497,33.9154
新居浜,愛媛県,95,302,133.3074,33.9216
日吉,愛媛県,85,317,132.798,33.3348
東予,愛媛県,91,302,133.0843,33.9266
松山,愛媛県,83,305,132.7282,33.8198
柳谷,愛媛県,89,312,133.0016,33.5388
河辺,愛媛県,84,313,132.748,33.5022
津島,愛媛県,80,324,132.5552,33.0556
砥部,愛媛県,85,307,132.8032,33.7112
美川,愛媛県,89,309,133.0082,33.641
肱川,愛媛県,83,314,132.6882,33.4512
西条,愛媛県,93,304,133.184,33.865
西海,愛媛県,79,326,132.5047,32.9453
長浜,愛媛県,78,310,132.4768,33.6094
作手,愛知県,179,277,137.4114,34.9512
作手,愛知県,179,276,137.4236,34.976
南知多,愛知県,169,282,136.9385,34.7401
名古屋,愛知県,170,274,136.9737,35.0632
安城,愛知県,172,277,137.0568,34.9319
安城,愛知県,171,278,137.0447,34.9119
小牧,愛知県,169,268,136.9153,35.2979
尾西,愛知県,165,268,136.75,35.2976
岡崎,愛知県,175,277,137.2377,34.9635
常滑,愛知県,168,279,136.8763,34.8886
幡豆,愛知県,173,281,137.1057,34.7884
新城,愛知県,180,278,137.4876,34.8976
旭,愛知県,179,270,137.4039,35.2194
春日井,愛知県,172,268,137.057,35.3059
津島,愛知県,165,272,136.7404,35.1732
清洲,愛知県,167,270,136.8509,35.2177
渥美,愛知県,171,285,137.0419,34.6158
渥美,愛知県,173,285,137.1078,34.6221
田原,愛知県,176,284,137.2606,34.6728
知多,愛知県,168,276,136.8639,34.9965
稲武,愛知県,181,271,137.5086,35.2159
美浜,愛知県,169,281,136.9087,34.7788
蒲郡,愛知県,175,280,137.22,34.8263
藤岡,愛知県,175,271,137.2056,35.1979
設楽,愛知県,181,272,137.535,35.1543
設楽,愛知県,182,273,137.5756,35.1006
豊根,愛知県,185,271,137.7268,35.184
豊橋,愛知県,178,284,137.3902,34.6643
豊橋,愛知県,179,282,137.4047,34.7549
豊橋北,愛知県,179,281,137.4393,34.7853
豊田,愛知県,173,274,137.1464,35.0812
足助,愛知県,177,272,137.3359,35.1392
足助,愛知県,177,272,137.3353,35.1394
長久手,愛知県,171,271,137.0474,35.1842
長篠,愛知県,182,277,137.5761,34.9335
額田,愛知県,177,278,137.2993,34.9189
鳳来,愛知県,183,276,137.6243,35.0002
三条,新潟県,210,211,138.9559,37.641
上川,新潟県,219,213,139.3648,37.5438
下田,新潟県,214,214,139.1279,37.5386
両津,新潟県,200,200,138.4398,38.0745
中条,新潟県,219,201,139.4055,38.053
佐和田,新潟県,197,202,138.3226,37.9976
六日,新潟県,211,225,138.9951,37.0533
加茂,新潟県,212,211,139.0676,37.6527
十日町,新潟県,207,222,138.7782,37.2012
塩沢,新潟県,208,226,138.8521,37.0303
塩沢,新潟県,208,226,138.8462,37.0364
妙高,新潟県,196,228,138.2594,36.9425
妙高高原,新潟県,193,230,138.0966,36.8569
安塚,新潟県,200,224,138.444,37.1268
寒川,新潟県,221,191,139.4961,38.4501
寺泊,新潟県,206,211,138.7676,37.6421
小出,新潟県,210,221,138.962,37.2332
小千谷,新潟県,207,219,138.8121,37.3043
小木,新潟県,196,207,138.2795,37.8205
岩谷口,新潟県,200,196,138.4337,38.2584
川西,新潟県,206,222,138.744,37.1728
巻,新潟県,209,208,138.8834,37.7638
新井,新潟県,196,226,138.2507,37.0228
新津,新潟県,214,207,139.1442,37.8013
新潟,新潟県,211,204,139.0108,37.9146
新発田,新潟県,218,203,139.3375,37.9507
朝日,新潟県,222,195,139.5486,38.2799
村上,新潟県,221,197,139.4864,38.2301
村松,新潟県,216,210,139.261,37.6658
村松,新潟県,215,210,139.1886,37.6935
松ヶ崎,新潟県,201,204,138.4981,37.9204
柏崎,新潟県,202,218,138.5579,37.3724
津南,新潟県,204,226,138.6529,37.0147
津川,新潟県,221,210,139.4648,37.6708
湯之谷,新潟県,211,221,138.9821,37.2239
湯沢,新潟県,207,231,138.7849,36.8114
牧,新潟県,199,225,138.3966,37.0544
直江津,新潟県,195,223,138.2235,37.1607
糸魚川,新潟県,188,228,137.848,36.9378
糸魚川,新潟県,188,226,137.8624,37.0235
聖籠,新潟県,217,203,139.2788,37.9759
荒川,新潟県,220,199,139.4289,38.1327
長岡,新潟県,209,216,138.8876,37.4272
長岡,新潟県,208,216,138.8431,37.4416
長岡支所,新潟県,209,216,138.8862,37.4261
関川,新潟県,222,199,139.5428,38.1313
鹿瀬,新潟県,221,210,139.4772,37.6863
三宅,東京都,221,299,139.4793,34.0745
亀戸,東京都,228,259,139.8354,35.689
八丈,東京都,227,322,139.7987,33.1194
八広,東京都,228,258,139.8249,35.7254
八枝,東京都,228,260,139.8115,35.6551
八王子,東京都,216,259,139.265,35.6701
八王子,東京都,219,260,139.4034,35.6282
塩浜,東京都,228,259,139.8087,35.6657
奥戸,東京都,229,258,139.8624,35.7401
宇喜田,東京都,229,259,139.8635,35.6704
小金井,東京都,221,259,139.5029,35.699
岡田,東京都,219,281,139.3909,34.7852
府中,東京都,221,260,139.4704,35.6539
新宿,東京都,225,258,139.6859,35.7107
新島,東京都,216,291,139.2573,34.3779
東白鬚,東京都,228,258,139.8121,35.7313
東雲,東京都,227,260,139.799,35.6485
桧原,東京都,214,258,139.1454,35.7304
横網,東京都,227,259,139.7962,35.6874
檜原南,東京都,214,259,139.1275,35.7017
氷川,東京都,213,256,139.0956,35.8029
江東,東京都,228,261,139.8125,35.6114
波浮港,東京都,220,283,139.4412,34.6874
猿江,東京都,228,259,139.8193,35.6876
瑞江,東京都,229,259,139.8912,35.6926
町田,東京都,220,262,139.4137,35.5798
砂町,東京都,228,260,139.8343,35.6596
神着,東京都,222,297,139.5315,34.1228
篠崎,東京都,229,258,139.8971,35.7138
豊洲,東京都,227,260,139.7948,35.6538
越中島,東京都,227,259,139.7893,35.6685
辰巳,東京都,228,260,139.8093,35.6474
青梅,東京都,217,256,139.2912,35.7968
今市,栃木県,227,234,139.7694,36.7084
今市,栃木県,226,233,139.7155,36.7258
北高岡,栃木県,235,238,140.1557,36.5287
塩原,栃木県,227,227,139.8033,36.99
大田原,栃木県,232,230,140.0225,36.8578
宇都宮,栃木県,229,238,139.8637,36.5595
宇都宮,栃木県,229,237,139.8861,36.5692
小山,栃木県,227,244,139.8047,36.2859
小川,栃木県,234,233,140.1297,36.7639
栗山東,栃木県,224,230,139.6459,36.8828
栗山西,栃木県,220,230,139.4534,36.8817
氏家,栃木県,231,234,139.9842,36.6959
湯元,栃木県,220,231,139.4204,36.8061
真岡,栃木県,230,240,139.9509,36.4458
真岡,栃木県,232,241,140.0225,36.4368
矢板,栃木県,228,230,139.8364,36.8625
矢板,栃木県,230,231,139.9264,36.8061
粟野,栃木県,224,238,139.6154,36.5509
芳賀,栃木県,233,238,140.0751,36.548
芹沼,栃木県,226,233,139.7144,36.7489
茂木,栃木県,235,238,140.1742,36.545
葛生,栃木県,224,242,139.6145,36.3867
藤原,栃木県,226,231,139.7153,36.8144
藤原2,栃木県,225,227,139.6922,36.9853
足尾,栃木県,220,236,139.4376,36.6347
馬頭,栃木県,235,233,140.1781,36.7342
鹿沼,栃木県,227,238,139.7675,36.56
黒磯,栃木県,233,228,140.0828,36.9417
上原,沖縄県,26,183,123.7798,24.4324
久米島,沖縄県,87,136,126.7479,26.3497
伊原間,沖縄県,37,181,124.282,24.5088
具志川,沖縄県,109,135,127.8572,26.38
名護,沖縄県,112,130,127.9767,26.5916
国頭,沖縄県,116,126,128.1736,26.7402
城辺,沖縄県,59,175,125.3864,24.7558
新栄,沖縄県,34,185,124.1526,24.3413
狩俣,沖縄県,57,173,125.2964,24.853
知念,沖縄県,109,141,127.8267,26.1686
那覇,沖縄県,106,139,127.6786,26.2497
今津,滋賀県,151,265,136.0243,35.4215
余呉,滋賀県,154,263,136.2065,35.5398
信楽,滋賀県,151,279,136.0316,34.853
信楽,滋賀県,151,279,136.0587,34.8779
多賀,滋賀県,157,270,136.3599,35.2383
大津,滋賀県,147,270,135.8671,35.2482
大津,滋賀県,148,276,135.8965,34.9718
彦根,滋賀県,155,270,136.2421,35.2493
志賀,滋賀県,148,271,135.921,35.2001
日野,滋賀県,155,277,136.261,34.9638
朽木,滋賀県,148,267,135.9184,35.3476
永源寺,滋賀県,156,274,136.2946,35.0701
甲西,滋賀県,152,276,136.0854,35.0051
甲賀,滋賀県,155,278,136.2307,34.9043
近江八幡,滋賀県,152,273,136.0957,35.1339
長浜,滋賀県,155,267,136.264,35.377
一の宮,熊本県,51,327,131.1214,32.932
三角,熊本県,39,334,130.5584,32.6234
三角,熊本県,38,334,130.4874,32.6136
上,熊本県,46,344,130.9096,32.2209
五木,熊本県,45,340,130.8268,32.3961
人吉,熊本県,43,344,130.7371,32.2054
人吉,熊本県,44,345,130.7757,32.1966
八代,熊本県,40,337,130.6024,32.5078
多良木,熊本県,47,343,130.9257,32.2561
大津,熊本県,46,328,130.8774,32.8761
天草,熊本県,28,340,129.9997,32.3793
宇土,熊本県,41,333,130.6582,32.6878
小国,熊本県,50,322,131.0629,33.122
小国,熊本県,50,322,131.0687,33.1208
山鹿,熊本県,42,324,130.6846,33.0185
新和,熊本県,32,342,130.1811,32.3151
新和,熊本県,32,340,130.1807,32.3636
本渡,熊本県,32,338,130.1938,32.4589
水俣,熊本県,35,345,130.3647,32.1704
水俣,熊本県,36,344,130.4046,32.2161
泉,熊本県,46,337,130.9046,32.4901
波野,熊本県,53,326,131.2207,32.9553
熊本,熊本県,44,330,130.7696,32.7875
牛深,熊本県,29,345,130.0265,32.1945
玉名,熊本県,39,325,130.5608,32.9873
玉名,熊本県,39,327,130.5477,32.9336
田浦,熊本県,38,340,130.5099,32.365
白水,熊本県,50,330,131.101,32.8114
益城,熊本県,45,330,130.8199,32.7967
矢部,熊本県,49,333,131.0251,32.6501
矢部,熊本県,48,333,130.9892,32.6856
砥用,熊本県,46,334,130.8652,32.6167
芦北,熊本県,40,342,130.5777,32.2918
菊池,熊本県,45,325,130.8301,32.9984
豊野,熊本県,43,334,130.7521,32.6345
阿蘇,熊本県,49,326,131.0199,32.9514
高森,熊本県,51,329,131.1226,32.8267
鹿北,熊本県,42,322,130.6949,33.1089
龍ヶ岳,熊本県,36,340,130.3885,32.3942
七塚,石川県,164,233,136.6989,36.7318
七尾,石川県,170,226,136.9681,37.0427
内浦,石川県,175,218,137.2436,37.3458
加賀,石川県,156,244,136.3154,36.3028
大町,石川県,169,221,136.9087,37.2265
大谷,石川県,174,214,137.1764,37.4999
富来,石川県,165,222,136.7176,37.1902
富来,石川県,164,223,136.6897,37.1602
小松,石川県,159,242,136.4432,36.3967
尾口,石川県,165,245,136.7168,36.2667
志賀,石川県,167,225,136.8206,37.0533
柳田,石川県,171,218,137.0413,37.3644
正院,石川県,176,216,137.2877,37.4443
津幡,石川県,166,233,136.7906,36.738
珠洲,石川県,176,214,137.2844,37.5266
白峰,石川県,163,247,136.6247,36.1805
穴水,石川県,170,221,136.9689,37.2224
穴水,石川県,168,221,136.9039,37.2307
羽咋,石川県,166,229,136.7783,36.8918
能都,石川県,173,219,137.147,37.308
輪島,石川県,169,217,136.9083,37.3919
金沢,石川県,163,239,136.6357,36.515
金沢,石川県,163,238,136.6431,36.5419
鳥越,石川県,162,242,136.6045,36.3575
三崎,神奈川県,224,272,139.6218,35.1441
二俣川,神奈川県,222,265,139.5387,35.4544
厚木,神奈川県,218,266,139.3539,35.404
厚木,神奈川県,218,265,139.3618,35.4424
小田原,神奈川県,214,269,139.152,35.2641
山北,神奈川県,213,267,139.0826,35.3608
山北中,神奈川県,212,266,139.0436,35.4173
山北南,神奈川県,213,267,139.091,35.3583
川崎,神奈川県,225,263,139.7062,35.5291
平塚,神奈川県,218,268,139.3504,35.3355
松田,神奈川県,214,267,139.126,35.3663
横浜,神奈川県,222,264,139.5195,35.4991
横浜,神奈川県,224,265,139.634,35.4371
横須賀,神奈川県,224,269,139.6579,35.2727
清川,神奈川県,215,264,139.2146,35.4628
相模原,神奈川県,218,262,139.3265,35.5751
秦野,神奈川県,215,266,139.2048,35.3794
葉山,神奈川県,224,269,139.611,35.2624
藤沢,神奈川県,221,267,139.4901,35.3385
藤野,神奈川県,214,260,139.1283,35.6437
藤野,神奈川県,214,261,139.1548,35.6154
鎌倉,神奈川県,222,268,139.5462,35.3192
三国,福井県,153,246,136.157,36.2184
三方,福井県,147,262,135.8694,35.5587
三方,福井県,148,262,135.9084,35.5479
今庄,福井県,154,257,136.1998,35.7731
和泉,福井県,164,253,136.699,35.9415
和泉,福井県,164,254,136.6706,35.9053
大野,福井県,160,252,136.4865,35.9789
小浜,福井県,145,265,135.7266,35.4573
小浜,福井県,145,264,135.7519,35.4965
敦賀,福井県,151,260,136.0303,35.639
敦賀,福井県,151,260,136.0575,35.6447
武生,福井県,154,254,136.1743,35.9067
永平寺,福井県,157,249,136.3617,36.0955
福井,福井県,155,250,136.2279,36.0444
織田,福井県,151,253,136.0556,35.9483
越廼,福井県,150,250,136.0137,36.0386
高浜,福井県,140,264,135.4841,35.4907
高浜,福井県,141,264,135.551,35.4904
中間,福岡県,42,305,130.7053,33.8263
久留米,福岡県,38,317,130.5115,33.3235
八女,福岡県,39,319,130.5607,33.2252
前原,福岡県,32,311,130.2024,33.561
北九州,福岡県,48,303,130.9798,33.8849
北九州,福岡県,46,304,130.9014,33.8324
嘉穂,福岡県,43,311,130.7451,33.5512
大刀洗,福岡県,41,316,130.6354,33.3678
大牟田,福岡県,37,324,130.4471,33.0159
宇美,福岡県,39,311,130.5499,33.5608
小石原,福岡県,45,313,130.8285,33.4654
柳川,福岡県,36,321,130.4052,33.1627
浮羽,福岡県,45,318,130.817,33.2891
浮羽,福岡県,44,317,130.7939,33.3319
添田,福岡県,45,311,130.8539,33.5716
犀川,福岡県,47,312,130.9503,33.5293
玄海,福岡県,39,304,130.5432,33.8501
玄海,福岡県,38,304,130.5086,33.8425
甘木,福岡県,42,314,130.6689,33.4235
矢部,福岡県,45,321,130.8182,33.1491
福岡,福岡県,36,310,130.3985,33.5969
筑紫野,福岡県,38,313,130.5163,33.4952
若宮,福岡県,40,308,130.5963,33.6963
行橋,福岡県,49,307,131.0095,33.7388
豊前,福岡県,51,310,131.1348,33.5925
飯塚,福岡県,42,309,130.6962,33.6519
いわき,福島県,250,224,140.9035,37.0911
いわき東,福島県,251,226,140.9702,37.0264
いわき西,福島県,243,227,140.5853,36.9951
三春,福島県,242,215,140.538,37.4894
下郷,福島県,229,220,139.8725,37.2544
下郷,福島県,229,219,139.9,37.3077
中野,福島県,234,217,140.1325,37.3957
二本松,福島県,240,212,140.4368,37.603
伊南,福島県,222,222,139.5199,37.1723
会津若松,福島県,230,215,139.9294,37.4774
会津高田,福島県,228,216,139.8126,37.4508
勿来,福島県,248,229,140.7929,36.9069
南郷,福島県,222,220,139.5386,37.266
原町,福島県,251,211,140.9849,37.6385
古殿,福島県,243,225,140.5563,37.09
只見,福島県,218,218,139.3147,37.3421
只見,福島県,218,218,139.3144,37.3491
喜多方,福島県,229,211,139.8633,37.6535
大熊,福島県,251,217,140.9632,37.4061
小野,福島県,244,220,140.6349,37.2778
川俣,福島県,244,210,140.5974,37.6636
川内,福島県,248,218,140.8132,37.3364
平田,福島県,243,221,140.5703,37.2169
広野,福島県,252,221,141.0016,37.2342
桧枝岐,福島県,219,226,139.3801,37.0159
梁川,福島県,244,206,140.6013,37.8449
棚倉,福島県,239,226,140.3775,37.0217
檜枝岐,福島県,219,226,139.3755,37.0103
浪江,福島県,252,215,140.9871,37.4911
滝原,福島県,225,225,139.6808,37.07
熱塩加納,福島県,229,209,139.8821,37.7317
猪苗代,福島県,235,211,140.1735,37.6461
猪苗代,福島県,234,213,140.1078,37.5474
白河,福島県,235,224,140.1914,37.1228
相馬,福島県,250,207,140.9196,37.7949
矢吹,福島県,238,222,140.3386,37.2006
矢祭,福島県,240,230,140.43,36.8683
福島,福島県,239,208,140.3766,37.7643
福島,福島県,241,208,140.4799,37.7613
船引,福島県,243,216,140.5668,37.4363
葛尾,福島県,247,214,140.7588,37.5031
西会津,福島県,226,208,139.715,37.7565
西会津,福島県,224,212,139.6467,37.6002
西郷,福島県,233,223,140.093,37.1616
郡山,福島県,240,218,140.4264,37.353
郡山,福島県,239,217,140.3622,37.3961
都路,福島県,246,215,140.7227,37.4703
金山,福島県,222,216,139.5133,37.453
長沼,福島県,236,220,140.2144,37.2822
須賀川,福島県,239,220,140.3689,37.2842
飯舘,福島県,246,210,140.7346,37.6799
高郷,福島県,226,212,139.7533,37.6078
中仙,秋田県,244,164,140.6116,39.5575
五城目,秋田県,236,155,140.2221,39.9155
八森,秋田県,231,144,139.9827,40.3888
協和,秋田県,240,161,140.4075,39.6884
協和,秋田県,238,163,140.3213,39.6069
大曲,秋田県,241,166,140.476,39.4544
大森,秋田県,239,169,140.3869,39.3548
大館,秋田県,243,146,140.5812,40.3002
大館,秋田県,243,147,140.5659,40.2677
宮田,秋田県,243,158,140.5803,39.8128
小坂,秋田県,249,142,140.8395,40.4563
小坂,秋田県,247,145,140.7428,40.3279
本荘,秋田県,232,168,140.0499,39.383
東成瀬,秋田県,246,173,140.7129,39.174
椿台,秋田県,246,174,140.717,39.1462
横手,秋田県,243,170,140.5629,39.2975
湯沢,秋田県,241,173,140.471,39.1913
玉川,秋田県,245,159,140.6667,39.7739
琴丘,秋田県,233,152,140.0919,40.0376
田代,秋田県,241,146,140.4596,40.2755
田沢湖,秋田県,246,160,140.7181,39.6991
男鹿,秋田県,227,154,139.7623,39.9554
男鹿,秋田県,228,156,139.8466,39.8879
矢島,秋田県,234,172,140.1283,39.2223
秋田,秋田県,233,160,140.1002,39.7225
能代,秋田県,232,148,140.0288,40.2032
藤里,秋田県,236,145,140.2341,40.3188
藤里,秋田県,237,146,140.2631,40.2782
西仙北,秋田県,239,164,140.3481,39.545
西木北,秋田県,243,158,140.579,39.8147
西木南,秋田県,243,161,140.5721,39.6634
角館,秋田県,243,163,140.5554,39.595
象潟,秋田県,230,173,139.9085,39.2022
阿仁,秋田県,240,154,140.4072,39.9819
阿仁,秋田県,240,153,140.4031,39.995
雄勝,秋田県,242,178,140.4952,38.9801
雄勝,秋田県,241,177,140.451,39.0384
飯田川,秋田県,233,156,140.0716,39.883
烏海,秋田県,238,176,140.3185,39.0718
烏海,秋田県,235,173,140.1902,39.1939
鹿角,秋田県,248,152,140.8084,40.0622
鹿角,秋田県,247,148,140.7873,40.2152
みどり,群馬県,218,239,139.3219,36.4931
万場,群馬県,210,248,138.9251,36.1162
下仁田,群馬県,206,245,138.7291,36.2356
下仁田,群馬県,206,246,138.7579,36.2287
伊勢崎,群馬県,215,244,139.1847,36.3143
伊勢崎,群馬県,215,244,139.1924,36.3147
利根,群馬県,215,234,139.2104,36.6998
前橋,群馬県,214,243,139.1368,36.3478
吾妻,群馬県,206,239,138.7523,36.5103
坂本,群馬県,205,243,138.7179,36.35
太田,群馬県,218,244,139.3609,36.2914
嬬恋,群馬県,201,239,138.5244,36.4917
嬬恋,群馬県,201,239,138.5177,36.5133
富岡,群馬県,209,244,138.921,36.2862
桐生,群馬県,218,241,139.3251,36.4106
水上,群馬県,210,232,138.9695,36.7819
水上2,群馬県,212,230,139.0627,36.862
沼田,群馬県,213,235,139.0784,36.6578
渋川,群馬県,211,240,139.0092,36.4637
片品,群馬県,216,232,139.2248,36.7722
神流,群馬県,209,248,138.9129,36.144
草津,群馬県,203,236,138.5918,36.6172
館林,群馬県,222,245,139.5443,36.2441
館林,群馬県,222,246,139.5331,36.2343
高山,群馬県,209,236,138.9068,36.6212
高崎,群馬県,211,243,139.0176,36.3181
つくば,茨城県,233,246,140.0893,36.2137
つくば,茨城県,233,248,140.0903,36.1251
つくば南,茨城県,234,252,140.105,35.9814
ひたちなか,茨城県,244,242,140.6198,36.3631
下妻,茨城県,231,247,139.9653,36.1843
下館,茨城県,231,244,139.9828,36.3062
北茨城,茨城県,245,230,140.6544,36.8808
北茨城2,茨城県,245,230,140.6545,36.8809
十王,茨城県,243,234,140.5484,36.6922
取手,茨城県,232,253,140.0494,35.9112
古河,茨城県,225,247,139.7037,36.1848
土浦,茨城県,235,249,140.1947,36.0729
大子,茨城県,238,231,140.3181,36.8369
大子,茨城県,239,232,140.3569,36.7761
大宮,茨城県,240,238,140.4102,36.5516
大洋,茨城県,243,248,140.5621,36.1188
山方,茨城県,240,236,140.3976,36.6405
岩井,茨城県,230,250,139.908,36.0693
岩瀬,茨城県,234,242,140.1401,36.3701
常北,茨城県,239,240,140.3559,36.439
御前山,茨城県,238,238,140.3013,36.5566
日立,茨城県,245,237,140.6453,36.5915
水戸,茨城県,241,242,140.4528,36.369
江戸崎,茨城県,238,252,140.3301,35.9521
江戸崎,茨城県,238,252,140.3194,35.9537
波崎2,茨城県,246,255,140.7323,35.8284
石下,茨城県,231,249,139.9889,36.1112
石岡,茨城県,237,247,140.2869,36.1901
笠間,茨城県,236,242,140.2372,36.3851
那珂湊,茨城県,244,243,140.5955,36.3523
鉾田,茨城県,241,247,140.4892,36.1587
霞ヶ浦,茨城県,238,249,140.314,36.0864
高萩,茨城県,243,232,140.575,36.7955
高萩,茨城県,246,234,140.7068,36.7061
鹿嶋,茨城県,244,252,140.6322,35.977
上対馬,長崎県,17,284,129.4594,34.6609
佐世保,長崎県,22,320,129.7177,33.1808
佐世保北,長崎県,23,320,129.7652,33.2122
佐世保南,長崎県,24,322,129.8102,33.1256
千々石,長崎県,32,330,130.2024,32.7839
口之津,長崎県,32,334,130.1849,32.6106
国分,長崎県,13,295,129.2868,34.2029
大村,長崎県,27,327,129.9582,32.9002
大瀬戸,長崎県,21,327,129.6428,32.9327
宇久,長崎県,10,319,129.1255,33.2558
小長井,長崎県,32,327,130.1843,32.9231
島原,長崎県,35,330,130.3463,32.7884
平戸,長崎県,16,320,129.4353,33.2116
平戸,長崎県,19,316,129.5383,33.3616
志々伎,長崎県,16,320,129.4128,33.2016
東彼杵,長崎県,26,324,129.9171,33.0371
松浦,長崎県,22,316,129.7054,33.3444
玉之浦,長崎県,0,334,128.6194,32.6341
琴海,長崎県,24,326,129.8026,32.9553
琴海,長崎県,24,327,129.7802,32.9061
福江,長崎県,4,333,128.8433,32.6658
若松,長崎県,8,328,129.0211,32.888
諫早,長崎県,28,329,130.0218,32.8456
豊玉,長崎県,14,291,129.324,34.3973
郷ノ浦,長崎県,22,306,129.6899,33.7502
野母崎,長崎県,23,335,129.7596,32.5811
長崎,長崎県,25,332,129.8625,32.6999
長崎,長崎県,25,331,129.8763,32.7353
高来,長崎県,31,327,130.1408,32.9103
三郷,長野県,188,245,137.8591,36.2541
上山田,長野県,194,240,138.1474,36.4663
上松,長野県,185,256,137.7173,35.787
上田,長野県,196,241,138.2491,36.4022
中野,長野県,198,233,138.376,36.7434
伊那,長野県,189,255,137.9236,35.8315
伊那,長野県,190,255,137.9532,35.8282
佐久,長野県,202,248,138.5504,36.1425
信州新,長野県,192,237,138.0479,36.577
信濃,長野県,195,231,138.2069,36.8069
南信濃,長野県,189,268,137.9268,35.2986
南木曽,長野県,183,261,137.6105,35.6056
南木曽,長野県,183,261,137.6125,35.6079
南牧,長野県,201,252,138.4797,35.9696
喬木,長野県,188,263,137.8767,35.5143
塩尻,長野県,190,248,137.9389,36.1184
大町,長野県,188,239,137.8507,36.5086
大町中,長野県,187,238,137.8201,36.5327
大鹿,長野県,191,262,138.0338,35.5787
天龍,長野県,188,269,137.8567,35.2807
奈川,長野県,184,250,137.6849,36.064
安曇,長野県,186,247,137.7852,36.1833
富士見,長野県,197,253,138.3052,35.9157
富士見,長野県,195,253,138.2229,35.9133
小海,長野県,201,249,138.4844,36.0956
小諸,長野県,200,243,138.4357,36.3281
山ノ内,長野県,199,233,138.4129,36.7403
川上,長野県,203,252,138.5845,35.9735
平谷,長野県,183,268,137.6261,35.3095
御代田,長野県,201,243,138.4967,36.3308
戸隠,長野県,193,234,138.0964,36.7075
木曽福島,長野県,185,255,137.7078,35.8562
木祖,長野県,186,252,137.7669,35.9632
杭瀬下,長野県,193,238,138.1191,36.5339
松川,長野県,188,261,137.8797,35.6152
松本,長野県,191,245,137.9898,36.2578
松本,長野県,190,245,137.9785,36.2564
楢川,長野県,187,252,137.8255,35.9748
武石,長野県,196,244,138.2491,36.2859
王滝,長野県,181,256,137.5295,35.8132
生坂,長野県,190,240,137.9637,36.4598
白馬,長野県,188,234,137.8482,36.6984
白馬,長野県,188,234,137.8544,36.6981
穂高,長野県,187,242,137.8201,36.3824
穂高,長野県,188,243,137.8694,36.3378
茅野,長野県,195,253,138.1848,35.9465
諏訪,長野県,193,250,138.1116,36.0454
辰野,長野県,189,251,137.9305,36.0088
野沢温泉,長野県,200,229,138.4408,36.9102
長谷,長野県,192,256,138.0824,35.7946
長野,長野県,195,235,138.1938,36.6486
長門,長野県,196,245,138.2669,36.2564
開田,長野県,183,253,137.595,35.9324
阿智2,長野県,185,264,137.7346,35.4786
飯山,長野県,198,230,138.366,36.8514
飯田,長野県,191,265,138.0058,35.4489
飯田,長野県,187,263,137.8374,35.5232
駒ヶ根,長野県,189,258,137.9341,35.7304
むつ,青森県,256,121,141.1972,41.2948
三沢,青森県,259,136,141.3669,40.6803
中里,青森県,240,129,140.4326,40.9676
五所川原,青森県,241,133,140.4473,40.8152
今別,青森県,241,124,140.4801,41.1795
佐井,青森県,249,119,140.8567,41.4049
八戸,青森県,261,139,141.4451,40.5794
八戸,青森県,262,140,141.4805,40.5138
八甲田,青森県,250,136,140.919,40.7002
六ヶ所,青森県,259,129,141.3738,40.9664
六ヶ所,青森県,259,129,141.3733,40.9665
十和田,青森県,256,138,141.208,40.6152
十和田湖東,青森県,255,139,141.1547,40.5846
十和田湖西,青森県,252,139,140.995,40.58
南通,青森県,260,123,141.3958,41.2256
南部,青森県,257,143,141.28,40.4124
名川,青森県,259,142,141.3374,40.4492
大畑,青森県,255,119,141.1691,41.4053
大間,青森県,250,116,140.9127,41.5273
大間,青森県,250,116,140.9244,41.5267
大鰐,青森県,243,141,140.5565,40.4841
子ノ口,青森県,251,142,140.9406,40.4371
小泊,青森県,238,125,140.3106,41.1281
尻屋,青森県,261,119,141.4486,41.4087
岩木,青森県,239,138,140.3499,40.6199
川内,青森県,252,123,140.9896,41.234
川内,青森県,252,124,140.9972,41.1976
弘前,青森県,242,138,140.499,40.6018
新郷,青森県,254,142,141.0923,40.4624
東田沢,青森県,250,129,140.9155,40.9924
横浜,青森県,257,127,141.2552,41.084
深浦,青森県,232,135,140.0233,40.7451
深浦,青森県,230,137,139.9284,40.6363
田子,青森県,252,146,141.0145,40.2962
碇ヶ関,青森県,244,141,140.6306,40.4738
福浦,青森県,248,121,140.8132,41.328
脇野沢,青森県,248,125,140.8219,41.1453
蟹田,青森県,244,127,140.6398,41.0473
西目屋,青森県,237,140,140.2726,40.5488
西目屋,青森県,237,139,140.2965,40.5758
野辺地,青森県,254,132,141.1033,40.8564
野辺地,青森県,255,132,141.1416,40.8721
青森,青森県,245,132,140.6759,40.8524
青森,青森県,247,133,140.7501,40.8193
鯵ヶ沢,青森県,235,134,140.1976,40.7782
鰺ヶ沢,青森県,238,134,140.3121,40.7618
黒石,青森県,245,138,140.6646,40.6091
伊東,静岡県,213,277,139.1031,34.9652
伊東中,静岡県,213,277,139.0855,34.9467
佐久間,静岡県,187,274,137.8136,35.0916
修善寺,静岡県,209,276,138.9128,34.9756
修善寺,静岡県,210,276,138.9466,34.9771
函南,静岡県,211,274,138.9779,35.0854
初島2,静岡県,215,275,139.1685,35.0417
南伊豆,静岡県,208,284,138.834,34.6749
南伊豆,静岡県,207,284,138.8194,34.6469
土肥,静岡県,207,278,138.7941,34.9113
天竜,静岡県,187,279,137.8164,34.8738
富士宮,静岡県,203,271,138.6016,35.2128
川奈,静岡県,214,277,139.1378,34.9524
川根,静岡県,192,277,138.0767,34.9398
川根,静岡県,192,277,138.076,34.9394
引佐,静岡県,184,280,137.6616,34.8343
御殿場,静岡県,210,268,138.9349,35.3091
掛川,静岡県,191,281,137.9981,34.7699
掛川3,静岡県,191,279,138.0174,34.8768
新居,静岡県,182,283,137.5604,34.6913
春野,静岡県,189,276,137.8975,34.9816
本川根,静岡県,193,273,138.1332,35.0969
東伊豆,静岡県,212,280,139.0546,34.8158
松崎,静岡県,207,282,138.7841,34.7549
梅ヶ島,静岡県,198,270,138.3407,35.2435
榛原,静岡県,195,282,138.2241,34.7402
水窪北,静岡県,189,270,137.9181,35.2233
河津,静岡県,210,281,138.97,34.7832
沼津,静岡県,208,273,138.8657,35.096
浜岡,静岡県,193,285,138.1281,34.6374
浜松,静岡県,186,284,137.7441,34.6683
浜松,静岡県,185,283,137.7197,34.7102
清水,静岡県,200,275,138.476,35.041
清水北,静岡県,199,273,138.4243,35.1304
清水南,静岡県,201,276,138.4924,34.9739
湖西,静岡県,181,283,137.5314,34.7194
焼津,静岡県,197,279,138.3113,34.8566
熱海,静岡県,213,272,139.0795,35.1424
芝川,静岡県,202,271,138.5659,35.2028
蒲原,静岡県,203,273,138.6213,35.1271
藤枝,静岡県,195,278,138.2008,34.9142
袋井,静岡県,189,281,137.9034,34.7948
裾野,静岡県,209,271,138.9127,35.1971
西伊豆,静岡県,207,281,138.8008,34.7903
西伊豆西,静岡県,206,281,138.7724,34.7988
静岡,静岡県,198,277,138.3735,34.9649
静岡北,静岡県,195,268,138.1973,35.307
静岡南,静岡県,198,275,138.3526,35.0146
龍山東,静岡県,188,276,137.8409,35.0086
三木,香川県,112,294,134.1482,34.27
三野,香川県,103,295,133.7081,34.198
丸亀,香川県,105,294,133.7896,34.2652
内海,香川県,116,289,134.3241,34.4572
内海,香川県,116,289,134.3139,34.4727
土庄,香川県,115,287,134.2804,34.5452
大内,香川県,116,295,134.3043,34.2264
引田,香川県,118,295,134.4009,34.2271
琴南,香川県,108,296,133.9243,34.1644
綾上,香川県,108,295,133.9493,34.2186
観音寺,香川県,102,298,133.6354,34.1138
長尾,香川県,113,294,134.1856,34.2496
高松,香川県,110,292,134.0374,34.3473
中村,高知県,88,323,132.9524,33.0754
中村,高知県,88,325,132.9377,32.9895
伊野,高知県,98,312,133.4388,33.5313
佐賀,高知県,91,323,133.1015,33.0797
北川,高知県,112,312,134.1197,33.5421
吾北,高知県,96,308,133.3641,33.7079
吾川,高知県,93,311,133.1718,33.5742
土佐,高知県,98,313,133.4165,33.4945
土佐山田,高知県,103,310,133.6921,33.5934
土佐清水,高知県,88,330,132.9718,32.7797
土佐清水,高知県,89,331,132.9754,32.7359
大月,高知県,83,329,132.7066,32.8414
大正,高知県,89,318,132.9891,33.2683
大正,高知県,89,320,132.9758,33.1967
大豊,高知県,102,306,133.6565,33.7691
安芸,高知県,107,313,133.9068,33.5014
室戸,高知県,113,318,134.1603,33.2866
室戸,高知県,113,318,134.1681,33.2903
宿毛,高知県,83,326,132.7252,32.937
本山,高知県,101,306,133.576,33.7543
本川,高知県,96,306,133.3465,33.7758
東洋,高知県,115,312,134.2814,33.5275
檮原,高知県,87,315,132.8962,33.3982
池川,高知県,92,309,133.1444,33.6472
物部,高知県,107,308,133.8771,33.6975
芸西,高知県,106,312,133.8192,33.5294
須崎,高知県,95,315,133.2866,33.392
須崎,高知県,95,315,133.2896,33.3925
香北,高知県,106,308,133.8243,33.6748
高知,高知県,100,311,133.5271,33.5611
倉吉,鳥取県,106,265,133.8253,35.429
岩美,鳥取県,116,262,134.3426,35.5729
日南,鳥取県,95,272,133.3113,35.1708
日野,鳥取県,97,270,133.3909,35.2313
智頭,鳥取県,114,269,134.2173,35.2604
江府,鳥取県,99,269,133.4876,35.2826
河原,鳥取県,113,266,134.1988,35.3946
溝口,鳥取県,99,267,133.4918,35.3553
用瀬,鳥取県,114,267,134.2075,35.3432
米子,鳥取県,96,265,133.3301,35.4258
若桜,鳥取県,117,267,134.3975,35.3415
赤碕,鳥取県,102,264,133.6307,35.4668
赤碕,鳥取県,102,263,133.6303,35.5106
関金,鳥取県,104,267,133.7486,35.3649
鳥取,鳥取県,114,264,134.2198,35.4853
鹿野,鳥取県,110,264,134.0548,35.4606
上屋久,鹿児島県,40,388,130.5771,30.4204
上甑,鹿児島県,25,353,129.8678,31.836
下甑,鹿児島県,22,358,129.7078,31.639
与論,鹿児島県,121,119,128.4241,27.0522
中種子,鹿児島県,47,386,130.9543,30.5202
串木野,鹿児島県,34,356,130.2735,31.7123
伊仙,鹿児島県,130,103,128.9427,27.6882
佐多,鹿児島県,42,372,130.699,31.0899
佐多,鹿児島県,42,372,130.6982,31.0888
内之浦,鹿児島県,50,368,131.0877,31.2583
内之浦,鹿児島県,49,367,131.0504,31.2804
出水,鹿児島県,35,347,130.3532,32.0909
加世田,鹿児島県,35,364,130.3225,31.4162
喜入,鹿児島県,39,365,130.5449,31.3757
国分,鹿児島県,43,356,130.7613,31.7368
垂水,鹿児島県,42,362,130.6999,31.496
大口,鹿児島県,40,348,130.5874,32.0559
大和,鹿児島県,140,87,129.3926,28.3555
大崎,鹿児島県,49,363,131.011,31.4304
大隅,鹿児島県,48,360,130.9969,31.5618
大隅,鹿児島県,48,359,130.9938,31.5973
姶良,鹿児島県,40,356,130.6149,31.714
宮之城,鹿児島県,37,350,130.4438,31.9812
宮之城,鹿児島県,37,352,130.4513,31.9006
屋久,鹿児島県,39,393,130.5553,30.2363
山川,鹿児島県,41,369,130.6183,31.2066
川内,鹿児島県,35,353,130.3602,31.8374
川内,鹿児島県,34,354,130.3032,31.8143
指宿,鹿児島県,41,368,130.6324,31.2535
日吉,鹿児島県,35,359,130.349,31.5896
東,鹿児島県,32,345,130.1763,32.1947
枕崎,鹿児島県,34,367,130.3008,31.2776
横川,鹿児島県,42,352,130.7021,31.906
瀬戸内,鹿児島県,138,92,129.3206,28.1388
田代,鹿児島県,45,369,130.849,31.199
知名,鹿児島県,124,112,128.5743,27.334
知覧,鹿児島県,37,365,130.4333,31.3741
祁答院,鹿児島県,38,353,130.4958,31.8699
笠利,鹿児島県,145,85,129.6784,28.451
蒲生,鹿児島県,40,355,130.5699,31.7621
西之表,鹿児島県,48,381,130.9977,30.7319
郡山,鹿児島県,37,357,130.4594,31.6988
長島,鹿児島県,30,346,130.1191,32.1554
門倉崎,鹿児島県,46,390,130.8829,30.3488
阿久根,鹿児島県,32,350,130.2077,31.994
阿久根,鹿児島県,32,349,130.1927,32.0145
頴娃,鹿児島県,38,368,130.4915,31.2396
鹿児島,鹿児島県,40,359,130.574,31.6057
鹿屋,鹿児島県,45,364,130.8541,31.4005
鹿屋,鹿児島県,46,364,130.8702,31.3954
